RowNumber,CustomerId,Surname,CreditScore,Geography,Gender,Age,Tenure,Balance,NumOfProducts,HasCrCard,IsActiveMember,EstimatedSalary,Exited,Complain,Satisfaction Score,Card Type,Point Earned
5010,16750682,Sargent,803.77752300225,Portugal,Female,62,1,107012.0255845273,2,True,False,41447.26552149884,True,True,3,GOLD,985.1507480693577
2304,16715280,Pearson,687.9965866154915,Portugal,Male,30,0,-1118.0053988896484,2,False,True,193066.2570895782,False,False,1,SILVER,296.6002262868214
6996,16717183,Watkins,807.875884686755,Portugal,Female,33,9,134214.7825858322,1,True,True,85341.00903696372,False,False,3,SILVER,442.5619320579484
9069,16705756,Lu,484.77354584564114,Portugal,Female,27,4,-3179.2678735022555,1,True,True,32892.20412848851,False,False,1,PLATINUM,593.2613734782826
2591,16610233,Lombardo,791.8763055365253,Portugal,Female,33,1,89903.2394112212,1,False,True,102055.56779640497,False,False,2,PLATINUM,321.1020966400194
3616,16676344,Brown,798.0791426610921,Portugal,Male,18,7,139361.80598424678,0,True,False,32481.26735051051,False,False,4,DIAMOND,363.1663609846378
6934,16570500,Hanson,699.7058884984503,Portugal,Female,24,1,-228.8143670769062,1,True,False,37900.71111906947,True,True,3,PLATINUM,439.51741295989194
9206,16579585,Ricci,836.5616938188291,Portugal,Male,24,6,1460.0352403701295,1,True,True,75947.95868586013,False,False,2,SILVER,333.87188270169946
2648,16654452,Sinnett,579.7793582633403,Portugal,Male,31,5,127027.06095588305,1,True,False,122731.62260680688,False,False,0,PLATINUM,590.868941636606
3014,16755959,Woronoff,657.3551837601098,Portugal,Female,43,9,111533.36245814286,1,True,True,148431.22552990014,True,True,2,PLATINUM,531.8252335889536
159,16666314,Tan,604.5855465693221,Portugal,Male,36,8,159615.83816588743,1,True,True,74623.53110679322,False,False,5,GOLD,852.8533586300911
6529,16727651,Millar,679.3974203075298,Portugal,Female,41,8,81030.3730134119,1,False,False,186126.9425956666,True,True,3,PLATINUM,796.3378130136309
4206,16587600,Langlands,646.8160605563903,Portugal,Male,41,8,116734.52389228246,0,True,True,159588.4273562699,False,False,3,DIAMOND,766.7453172303009
6820,16717456,Nekrasova,769.8058194060416,Portugal,Male,39,2,-1362.284498631903,1,False,False,89496.74973855208,False,False,1,DIAMOND,917.1867877716708
1735,16809044,Gray,584.4297729830569,Portugal,Female,38,1,120646.66595166914,2,True,False,89650.37331146082,False,False,1,SILVER,669.7253345083363
7055,16635882,Ignatyeva,531.2435617113167,Portugal,Female,44,0,-3049.2304973500245,2,False,False,5602.345322932215,False,False,4,DIAMOND,832.0460381768771
10170,16563653,Aldridge,571.1689408988166,Portugal,Male,44,9,-856.7001878518421,2,True,False,108048.94311571942,False,False,2,PLATINUM,775.2273350307081
7759,16586812,Akhtar,703.7343825949694,Portugal,Female,59,1,150328.96391190647,1,False,False,99179.3389747084,True,True,3,DIAMOND,301.7298207796245
9566,16726974,Onwughara,731.77511640877,Portugal,Female,52,0,135028.40484043886,2,True,True,-1277.6024684979038,False,False,2,DIAMOND,312.2585807124543
2865,16618826,Tien,763.9225740642219,Portugal,Female,39,5,81780.90600766013,0,False,True,114801.73167350955,False,False,4,DIAMOND,245.56328523796793
4526,16679157,Cantrell,764.6473643935627,Portugal,Male,23,1,136477.31772151083,1,False,True,37931.26440306823,False,False,3,DIAMOND,343.2517212130858
4941,16694261,King,748.3364523699391,Portugal,Female,34,6,-5059.127759738648,1,True,False,189711.81033259688,False,False,0,PLATINUM,735.9763601369652
4457,16762526,Lupton,607.5670420432574,Portugal,Male,34,6,144295.50467356853,2,True,False,42555.31906451643,False,False,2,DIAMOND,736.7547337532824
3330,16703465,Anenechukwu,779.8791503322467,Portugal,Female,31,1,101232.73535177247,2,True,True,155928.55979186465,False,False,3,PLATINUM,249.827900700082
8891,16785336,Gallo,452.1329463266662,Portugal,Female,21,7,-3010.734087228871,2,False,False,179308.2902866915,False,False,2,GOLD,772.6730803375998
9580,16581381,Mironova,737.5299721267804,Portugal,Male,43,5,100285.01801032625,1,True,False,189990.12645820228,True,True,3,DIAMOND,871.3092663666071
5380,16632369,Lee,805.7071733445825,Portugal,Female,31,1,142955.6746543802,3,True,True,205339.31370293134,False,False,4,DIAMOND,347.2298735070445
5433,16585677,Bergamaschi,453.145456048961,Portugal,Female,34,5,78721.3857894474,2,True,True,102035.7400434331,False,False,1,SILVER,347.7958382306007
1137,16723320,Spitzer,693.4680348673854,Portugal,Female,20,5,99192.43188211539,0,True,True,169554.79700863268,False,False,2,SILVER,204.45087877085015
254,16629343,Wei,669.7612096884556,Portugal,Male,30,1,615.0828661185158,2,True,False,73663.7423433251,False,False,4,DIAMOND,685.0153111621269
8342,16576794,Townsley,624.2515853450161,Portugal,Male,59,2,126016.73734903146,1,True,False,152397.58186831625,True,True,4,PLATINUM,658.292067527338
5853,16805909,Chu,603.563328641985,Portugal,Female,41,7,-236.6678907590446,2,True,True,73547.11211572823,True,True,2,GOLD,999.8413366778606
5969,16640606,Mai,706.1845620059672,Portugal,Male,43,3,-285.4168648444441,1,True,True,134873.12328375244,False,False,2,DIAMOND,705.4563497365066
7123,16737998,Monaldo,736.6780863371008,Portugal,Female,35,4,129292.32926235354,1,True,False,118691.93393653091,False,False,3,DIAMOND,616.4996703546317
5435,16735410,Zikoranachidimma,797.4248111201377,Portugal,Female,57,8,89336.71908131673,1,True,False,16620.53933238319,True,True,0,PLATINUM,364.8777552205088
2992,16577143,Aksenov,531.2145892801391,Portugal,Female,40,4,5317.196288043687,2,False,True,176757.89737047793,False,False,4,DIAMOND,700.5995562501565
6649,16682177,Colombo,671.6697593615671,Portugal,Female,57,5,-6334.362891743202,1,True,True,185478.69675386694,False,False,1,DIAMOND,849.7625367407802
4987,16598982,Russell,525.9258900304961,Portugal,Female,42,0,111327.71022392387,1,True,True,77586.06560803739,True,True,4,DIAMOND,684.1724180140242
1819,16591492,Ebelegbulam,735.646115022317,Portugal,Female,43,1,120400.67296858151,0,True,False,142158.05789990176,True,True,1,GOLD,314.2952816681006
9893,16595078,Wei,641.6968770443945,Portugal,Male,36,1,-2130.8637065268053,1,False,False,130816.99589428704,False,False,3,SILVER,556.8880704799461
4418,16587533,Alexeeva,475.0224677800313,Portugal,Male,33,5,85.87667975211957,0,False,False,33085.37009298993,False,False,5,PLATINUM,556.8480387105931
4517,16717323,Warren,675.4666734526232,Portugal,Female,36,1,83439.95547340439,2,False,False,42116.026720973845,False,False,4,SILVER,530.710449461307
973,16631521,Pai,636.2040093846451,Portugal,Male,38,5,128951.77547922067,1,True,True,148183.27613967255,False,False,4,GOLD,583.6600323583834
2896,16604698,Hsiung,600.0257004873636,Portugal,Male,32,7,82743.7290101267,0,False,True,56672.297826173264,False,False,0,SILVER,233.62152420194244
1628,16768430,Baird,579.4222250911847,Portugal,Female,34,1,135327.21134360615,2,True,False,49085.43262949083,False,False,1,PLATINUM,652.2495059086068
609,16630336,Loyau,707.5953112298064,Portugal,Male,45,2,126562.33595120412,0,True,True,56632.01906978275,False,False,3,SILVER,469.9410279222191
3547,16591710,Mackay,590.1084488125075,Portugal,Female,35,1,101986.39060615738,1,False,True,162476.26050351947,False,False,3,DIAMOND,758.6974030052875
935,16723889,Edgar,437.68211221941334,Portugal,Male,63,0,63961.75022449987,0,True,True,77812.41124948069,True,True,5,PLATINUM,565.4268230998772
179,16679616,George,631.7302908522516,Portugal,Male,59,8,-8164.624934548584,1,True,False,143988.07285416493,True,True,3,DIAMOND,693.5489716073964
8255,16576709,Su,845.9832914945307,Portugal,Female,36,5,141406.97297508526,1,True,False,21170.761729155463,True,True,2,PLATINUM,731.8684660111522
7849,16760559,Chukwujamuike,758.6219432819554,Portugal,Female,28,6,149140.8715661214,1,False,True,43709.313064390415,False,False,3,GOLD,663.8158850351417
2826,16805055,Pan,555.3938423513254,Portugal,Female,42,8,142150.96669538028,0,True,False,28260.708827294744,True,True,1,PLATINUM,831.5252386448155
1215,16682674,Ts'ui,426.61541678536196,Portugal,Female,59,8,128637.47463512604,2,True,False,67740.63361670559,True,True,1,PLATINUM,692.7208429019806
7797,16629051,Parkin,561.6936972425667,Portugal,Female,35,7,75407.32274774987,2,False,True,51334.83768951792,False,False,0,SILVER,988.019601913202
726,16735961,Lettiere,631.0512876355958,Portugal,Female,46,7,81.49149635599382,1,True,False,82974.44427513021,False,False,0,GOLD,399.06410364773456
7818,16613838,Onio,694.333825032853,Portugal,Male,23,1,105731.82160577286,0,False,True,179759.89733776174,False,False,5,DIAMOND,487.127997390971
3778,16718255,McDonald,591.3749516949931,Portugal,Female,21,2,-1454.263727506378,2,False,True,52643.87701006155,False,False,1,SILVER,452.22279502798904
3764,16605465,Colombo,630.2637761261067,Portugal,Female,38,0,130212.05878365449,2,True,True,98543.50807933226,False,False,0,GOLD,539.6884980272346
7133,16788359,Small,855.8851487484294,Portugal,Male,43,8,-4044.9223768165543,1,True,True,187187.71756221927,False,False,0,GOLD,820.7237700420379
7540,16632035,Muravyova,577.1464920155547,Portugal,Male,45,8,-301.59027911269817,2,False,False,65825.67500243176,False,False,0,DIAMOND,518.2800996147192
5618,16645221,Day,552.5624977099171,Portugal,Male,41,4,89820.12601131873,3,True,True,121921.28708270336,True,True,3,SILVER,941.326802973067
5664,16706101,P'an,623.1317918637437,Portugal,Male,37,0,128763.63272480734,2,False,True,168208.84793423928,False,False,5,DIAMOND,284.06942938901545
2646,16571490,Short,464.7659069228608,Portugal,Female,33,5,121921.9486405139,0,False,True,148594.3321468473,False,False,4,PLATINUM,285.46918293896084
942,16584682,Le Grand,830.6296806311342,Portugal,Male,38,4,147006.53730522425,1,True,True,27557.19954664346,False,False,5,DIAMOND,669.2714553563887
9533,16772284,Akhtar,639.1481871273825,Portugal,Male,32,9,119217.53834384377,0,True,True,33615.58977514322,False,False,3,GOLD,532.0867264952105
904,16571503,Glassman,623.311474732278,Portugal,Female,41,8,6658.322972807718,1,False,False,90332.56867275991,False,False,2,DIAMOND,833.1347222078616
224,16761152,Ku,532.3778247001144,Portugal,Male,37,2,5582.000900515013,1,True,True,188866.66117329747,False,False,2,GOLD,527.2440348992867
3742,16756690,Yeh,755.9046847954098,Portugal,Female,37,5,9416.397085904311,1,True,True,132458.95498780732,True,True,1,GOLD,325.72865015332854
8458,16809713,Doherty,724.3496087318512,Portugal,Female,40,5,89295.83795344151,2,False,True,138633.77111203346,False,False,3,PLATINUM,939.3236442288544
7768,16729396,Hobler,627.5973894471813,Portugal,Male,39,9,7236.295105893903,1,True,False,92874.96847464157,False,False,1,SILVER,371.47559006776265
7494,16780071,Fang,697.6687082629929,Portugal,Male,33,5,91058.76393426143,0,True,False,66806.39652208342,False,False,3,PLATINUM,198.01918982006939
84,16749165,Martin,723.0878540094493,Portugal,Male,43,9,118721.82066229802,2,True,False,62407.75813071294,True,True,4,DIAMOND,880.6507599526993
3465,16584616,Cremonesi,707.1215035940489,Portugal,Male,36,3,-11764.476355506338,1,True,False,14901.816333152234,False,False,2,GOLD,654.0712379623108
7633,16645629,Barrett,651.0357161692881,Portugal,Female,48,5,7427.9501431277495,0,False,False,167568.87256857328,True,True,3,SILVER,1014.4399867768836
4268,16641307,Labrador,658.1870406490438,Portugal,Female,31,1,1151.5753865007691,2,True,True,36887.08741812307,False,False,2,DIAMOND,306.04410909719576
7980,16726513,Okwuoma,587.3613686883309,Portugal,Male,35,4,67612.57233965083,1,True,False,175722.87612474698,True,True,1,DIAMOND,917.9841054808543
4589,16812531,Onyemauchechukwu,573.5592691175301,Portugal,Male,73,5,88442.82089088674,0,True,True,32251.318790122332,False,False,4,GOLD,362.2174413302669
5382,16655534,Nicolay,611.942984646558,Portugal,Female,40,3,-2571.457357114693,2,True,False,23374.704643211313,False,False,2,PLATINUM,969.2190411760218
8525,16677339,Piccio,556.8759097049494,Portugal,Male,34,1,160677.46013849552,2,True,False,41902.833504633796,False,False,1,GOLD,258.3097274034646
5104,16753397,Russell,612.6029112197684,Portugal,Male,16,4,11442.344764975744,1,True,False,160499.36427897462,False,False,2,DIAMOND,574.2577763246197
376,16671492,Reppert,664.2401107914509,Portugal,Female,23,0,106867.88860351329,0,False,True,110678.31552784434,False,False,2,PLATINUM,878.0917350152175
3030,16679094,Teng,682.3755146510399,Portugal,Male,41,6,-7505.535318074141,2,False,False,16601.145969987923,False,False,2,PLATINUM,698.0866423632543
10381,16691801,P'eng,762.1396504468844,Portugal,Male,40,8,98980.33892634019,2,True,False,191194.25715122235,True,False,1,GOLD,334.44924315396497
7936,16677179,Moore,607.7983569737835,Portugal,Female,27,3,75187.27456326914,1,True,True,33135.3578386212,False,False,2,SILVER,922.9339066865771
524,16817528,Hsia,552.1834724110946,Portugal,Male,35,3,7523.510687820188,1,True,True,146766.89373248813,False,False,1,GOLD,364.4273375479084
7594,16618865,Kazakova,758.2507766176772,Portugal,Male,36,5,109681.61740061414,1,True,True,41644.266182401036,False,False,4,GOLD,948.8188888503953
1589,16694457,Tuan,814.2766369613787,Portugal,Female,27,3,82239.35723818582,1,False,True,106322.01268691164,False,False,2,GOLD,799.3005266902996
8072,16730892,Olisanugo,621.402887424405,Portugal,Male,36,3,175101.51684670144,1,False,True,9015.925131745993,False,False,3,DIAMOND,522.0745316952977
2231,16639134,Lloyd,491.6019355071314,Portugal,Male,36,8,3239.5063764905144,2,True,False,182722.10586386034,False,False,0,PLATINUM,482.08399319526694
8432,16811693,Jenks,781.2688464144613,Portugal,Male,35,9,2219.082404798144,2,True,False,167413.20781755145,False,False,0,SILVER,864.8283545792625
7507,16766639,Hardy,725.5844371893493,Portugal,Female,30,0,116401.03825616556,0,True,False,27238.148614733844,False,False,4,PLATINUM,950.3861551620087
8294,16684097,Birch,635.9013174302013,Portugal,Male,34,5,139755.4437271915,0,True,False,103966.90015400526,False,False,5,DIAMOND,758.7316493122646
6672,16585852,North,709.0937020506274,Portugal,Male,40,3,78589.97647919742,1,True,True,15930.583152829131,False,False,4,SILVER,452.2044206801968
4029,16684103,Stiles,649.2491262235898,Portugal,Male,47,0,198.184752953132,1,True,True,189187.2794778321,False,False,5,SILVER,411.77484574221455
9293,16720943,Reed,578.3173293311551,Portugal,Female,27,0,150161.10953583926,1,True,False,105855.59380626096,False,False,0,SILVER,268.5800867002173
6855,16654060,Tien,610.4447538466003,Portugal,Male,32,3,105944.36384992718,1,True,True,115862.96117451049,False,False,3,PLATINUM,922.0754291339308
572,16568794,Kang,608.0405798376062,Portugal,Male,28,4,99283.61677930882,0,True,False,155522.39870961773,False,False,2,SILVER,885.4935181587274
10233,16600037,Obijiaku,770.6515885890993,Portugal,Male,38,5,122.67094255050586,1,True,False,94117.7468661338,False,False,1,DIAMOND,292.63879074361813
991,16773285,Zhirov,628.6049405579171,Portugal,Male,33,8,-6731.7744207637925,0,True,False,67599.79113066808,False,False,2,GOLD,315.78389515111496
7025,16648297,Munro,602.8895372478456,Portugal,Male,45,7,70736.45074694634,1,True,True,128134.74630501283,True,True,4,GOLD,891.8539215136485
8277,16736274,Chizoba,779.6845020918728,Portugal,Male,38,9,107566.26449426242,1,True,True,17505.240888165463,False,False,4,GOLD,259.33663384602306
9528,16793414,Forbes,686.9005148257309,Portugal,Female,38,4,70510.26352086152,4,True,False,111881.15197789675,True,True,2,PLATINUM,623.4285617937227
5162,16736895,Sokolov,719.3823316917233,Portugal,Female,52,10,99184.81379480926,0,False,False,73610.96302116722,True,True,5,GOLD,354.16387631572144
2883,16711805,Marshall,662.0582984513486,Portugal,Female,35,0,124329.31589031641,1,True,True,54221.98515630444,False,False,4,SILVER,882.9649368712498
6159,16773402,Uvarov,625.2478769665504,Portugal,Female,47,0,-5705.198670876798,0,True,True,5105.380613194553,True,True,3,GOLD,362.7395676102377
4771,16640837,Amadi,576.9292165816237,Portugal,Female,34,8,155900.81264036588,1,False,False,171816.2228650127,False,False,0,PLATINUM,759.5483319968299
6509,16795605,Webb,614.8276011719144,Portugal,Male,33,0,-10413.287930385068,1,False,True,-6091.749171904559,False,False,1,GOLD,1014.6653460501797
222,16719006,Farrell,486.8171686322471,Portugal,Female,48,8,-10244.440569375198,2,True,True,107189.77666659208,False,False,5,SILVER,676.1920813647685
822,16610721,Baresi,675.417499216363,Portugal,Female,55,7,-143.51939372846897,2,False,True,95178.97628539987,False,False,3,SILVER,665.4078945079772
1366,16725054,Fisher,545.2755429437449,Portugal,Male,46,0,151212.33937883875,1,False,False,117572.2710029957,False,False,2,GOLD,272.2800363606707
1566,16667724,Holden,595.3912095481865,Portugal,Female,27,4,105638.86197372954,2,True,False,128297.51182389134,False,False,1,GOLD,469.41373266878713
190,16623711,Jude,762.5798422092917,Portugal,Male,41,4,108172.60378663501,1,False,True,127109.81324364292,False,False,3,GOLD,378.5065468074405
3435,16785519,Corbett,705.8434254694474,Portugal,Male,32,1,73455.0985879911,1,True,True,44103.458798094085,False,False,1,DIAMOND,980.4702415871585
3669,16629631,Yefremova,854.9795061609416,Portugal,Female,38,0,105039.96956389907,1,True,False,100056.76473443836,False,False,1,SILVER,538.1523343552063
1285,16746727,McElroy,647.7650662429697,Portugal,Male,32,6,129028.52120805858,1,True,True,117381.23097424231,False,False,1,PLATINUM,230.60607319796054
2043,16633609,Rosas,487.2395208547197,Portugal,Female,67,1,106091.55239853842,0,False,True,147872.5649921597,False,False,5,DIAMOND,566.4831283357722
4555,16610430,Ibeamaka,681.916359456047,Portugal,Male,36,6,103072.20317332773,2,True,False,186118.23936467434,False,False,0,PLATINUM,682.0471814252719
9515,16656749,Chidiebere,750.6823741426914,Portugal,Female,30,4,-5040.095019720799,1,True,False,150114.2365527827,False,False,5,PLATINUM,782.7992698873894
5375,16720755,Holbrook,683.1736678333783,Portugal,Male,31,0,96889.49447998774,1,True,False,24352.323284967977,False,False,3,DIAMOND,178.32173220909445
7779,16694442,Wilkins,566.1545039658379,Portugal,Female,29,5,101166.73724755974,0,True,True,124777.38206005242,False,False,5,DIAMOND,817.4216782446117
7434,16646493,Clark,678.2656469626733,Portugal,Male,34,5,-1700.028119160962,1,False,False,18833.39009459104,False,False,0,DIAMOND,768.9908549287799
3219,16638720,Dubinina,648.7133898613869,Portugal,Female,34,8,-3780.1843727254804,1,True,True,13983.450480933507,True,True,1,PLATINUM,611.3162048997245
2077,16571202,Mendes,788.0732505959688,Portugal,Male,32,5,154515.11707904073,0,True,True,35203.980615887966,False,False,1,PLATINUM,755.6731251540921
8970,16652830,Tomlinson,788.6333188994346,Portugal,Female,39,7,160489.68753382005,2,False,True,140093.78217745727,False,False,1,PLATINUM,918.5292816481763
5200,16692259,Brown,819.8011243468518,Portugal,Female,38,5,77428.02325615044,1,True,False,78298.50702760264,False,False,4,PLATINUM,515.8522688158158
821,16592301,Nwachinemelu,611.5364860922414,Portugal,Male,57,2,143587.75111802568,1,True,True,74573.97406286317,True,True,5,PLATINUM,367.28128755689863
5281,16647679,Boni,517.6005023017984,Portugal,Male,40,0,119440.05230502844,1,True,True,168100.27463339566,False,False,5,GOLD,319.8836752228547
5311,16804352,Watson,693.7047257384701,Portugal,Male,44,7,138858.58379796532,0,True,True,94629.12733550991,True,True,2,SILVER,628.0404542212716
2765,16703294,Gardener,671.597279287303,Portugal,Female,33,5,3808.1008333574755,1,True,True,78011.92079207918,False,False,5,DIAMOND,872.181715870276
349,16588890,Scott,459.519194799301,Portugal,Female,37,8,106129.49622981483,2,True,True,198558.56816877917,False,False,5,DIAMOND,351.08812224163967
2055,16645261,Fallaci,816.2847005128717,Portugal,Male,36,9,-1462.6322854612042,2,True,False,42662.570904234555,False,False,4,SILVER,529.7247587059655
676,16779222,McKenzie,589.4891302556765,Portugal,Male,47,5,5055.973446464061,1,True,False,72291.27725467346,False,False,1,GOLD,434.6765486362589
3648,16669821,Cheng,712.1677700192539,Portugal,Male,33,3,19390.684543052146,1,True,False,64637.14012466975,False,False,3,GOLD,751.4156793490403
9034,16653915,McIntyre,741.8840624481943,Portugal,Female,36,5,7307.162274759213,0,True,False,74652.93586478585,False,False,1,GOLD,943.0867001990587
2698,16772322,Vavilov,543.8078568396945,Portugal,Male,39,8,106640.20225624763,1,True,True,125599.4957273702,False,False,5,DIAMOND,231.11607648442964
9452,16794174,Vasilyeva,804.7721813110738,Portugal,Male,57,0,92426.1913955546,1,True,True,29635.030612204893,False,False,0,GOLD,746.0837034471105
5092,16739235,Padovesi,637.0353894984529,Portugal,Male,38,10,115161.14604571415,0,True,False,38051.68382021172,True,True,4,PLATINUM,488.2762694093624
2885,16702469,Windradyne,527.8518379219947,Portugal,Male,38,3,321.40193246783565,2,True,False,35983.847933010475,False,False,3,GOLD,318.23090985045076
1931,16675008,Wong,669.6113357645835,Portugal,Female,24,7,180587.29594414547,0,False,False,112584.72816246998,True,True,2,SILVER,939.5104106821657
931,16734409,Kincaid,519.067941803237,Portugal,Male,26,6,5634.243327043216,1,True,True,154202.2512485807,False,False,0,SILVER,312.31744753388017
8321,16566648,Kelly,616.8637552942636,Portugal,Female,25,8,169582.41442223283,0,False,True,108544.04696330248,False,False,2,DIAMOND,516.2662697586279
8196,16700536,Sinclair,507.59883521214635,Portugal,Female,41,5,-4661.050087578949,0,True,True,94568.12278537871,False,False,2,PLATINUM,935.2139795945963
4969,16708249,Panina,798.9118742852451,Portugal,Male,23,9,141774.53663673994,1,True,True,86145.99847938123,False,False,0,GOLD,448.5680090458959
6696,16644417,Sinclair,659.9256245363613,Portugal,Male,41,2,-772.0862271410601,2,True,True,110994.92023350309,False,False,4,DIAMOND,287.21229571877524
8562,16754966,Cunningham,711.8748491748611,Portugal,Male,36,9,51920.23449677288,2,True,False,44693.0901242769,False,False,3,PLATINUM,309.71549442236767
4449,16674880,Cheng,701.4136494937335,Portugal,Male,32,3,3603.8134802410386,1,True,False,65966.96557767807,False,False,3,GOLD,684.3349652594314
6599,16612225,Mackie,582.886614366483,Portugal,Male,63,3,140170.64696934444,1,True,False,76187.16738295383,True,True,1,DIAMOND,945.7753749533123
8948,16761197,Norton,846.7196767597904,Portugal,Male,39,7,-3657.4177654741347,2,True,True,43594.05724656234,False,False,3,DIAMOND,992.3158068219026
2957,16642595,Chiekwugo,774.9125213836711,Portugal,Male,50,9,159026.86674452445,1,True,False,44815.94129052295,False,False,3,PLATINUM,406.1144201608701
6558,16790290,Yeh,684.4994360719279,Portugal,Female,20,1,39374.164972023194,1,True,False,34925.13544762167,False,False,2,DIAMOND,474.6829172949278
876,16782803,Lattimore,645.8566571617872,Portugal,Male,25,8,169206.65177484226,1,True,False,96459.988849075,False,False,5,GOLD,934.7882636248642
3291,16569883,Ch'ien,773.378215021913,Portugal,Female,62,8,3522.968586328203,0,True,True,164325.67206575404,False,False,2,SILVER,723.6790061104259
7790,16774271,Cherkasova,696.3988994382418,Portugal,Female,36,2,-2004.739992420763,1,True,True,13735.757049164338,False,False,4,SILVER,745.5187568341287
390,16735568,Ugoji,742.9522059241958,Portugal,Male,45,2,123385.16888467703,0,True,True,108961.46194904084,False,False,3,DIAMOND,795.6926561213451
9595,16656983,Beede,411.79718496282857,Portugal,Male,35,6,-7494.668220305031,1,True,True,91912.46934776893,False,False,3,DIAMOND,549.9203318790966
1717,16592563,Johnstone,652.1204530047256,Portugal,Male,32,6,128246.82252952557,0,True,False,173021.4226360975,False,False,4,DIAMOND,698.5413341158708
6786,16774085,Onyemauchechi,706.7601357664913,Portugal,Female,49,2,89074.66544843091,1,False,True,94621.80327835705,False,False,4,PLATINUM,207.59343110435748
5692,16582502,Kelly,625.3525887378831,Portugal,Male,38,0,91957.13657947921,1,False,False,167914.78775386713,False,False,2,PLATINUM,558.025501378475
8301,16749437,Kosovich,648.4783240814609,Portugal,Female,37,1,12461.499053413976,1,True,False,8105.871346346801,False,False,1,SILVER,469.33187318194297
5793,16741331,DeRose,540.0221997485736,Portugal,Female,38,2,163132.7746216502,0,False,True,206095.6773476149,False,False,4,GOLD,631.7863639401005
1768,16743014,Ignatieff,719.982186693983,Portugal,Female,22,4,3237.474660063061,2,True,True,69536.60080356446,False,False,3,SILVER,304.566387580681
5093,16767709,Francis,605.8276704120613,Portugal,Female,32,5,95912.60684252344,0,True,True,134937.57076432556,False,False,4,PLATINUM,1022.6285311785317
-185,16667537,Capon,724.4907932407243,Portugal,Male,40,4,8373.299563734823,2,False,True,91670.78867459043,False,False,4,DIAMOND,727.9729726111382
6131,16639370,Woods,756.8860737724275,Portugal,Male,31,4,105802.21888454177,1,True,True,21203.26870293025,False,False,3,DIAMOND,819.988041924923
1874,16761691,Uwakwe,723.3168040966542,Portugal,Female,43,3,-893.3010870913826,1,True,True,180898.66108928484,False,False,3,PLATINUM,842.6788448724108
4659,16751370,Ni,717.7327301621792,Portugal,Male,28,3,106416.20622076855,1,True,True,186854.19425988346,False,False,1,PLATINUM,414.6625667115383
8053,16708703,Zakharov,598.2370513615377,Portugal,Male,41,1,87875.19436637717,0,True,False,25965.622832636644,False,False,2,GOLD,549.5665335774578
6916,16762516,Grigoryeva,550.607273188808,Portugal,Male,47,4,94714.30254303066,0,False,False,98357.9742799057,True,True,2,GOLD,469.2852421839007
1733,16612737,Lee,645.5852540950568,Portugal,Male,34,1,4970.096210479286,1,False,False,174375.97980857812,False,False,1,PLATINUM,565.2893337757089
2725,16601586,Fu,779.2054561510906,Portugal,Female,27,3,-526.4877772955774,1,True,False,94397.34168442007,False,False,4,SILVER,284.0496309325699
8448,16785906,Brown,496.6980226528735,Portugal,Male,35,2,131311.88891643463,1,False,True,191558.68638092506,False,False,0,GOLD,537.9497240335755
7533,16730683,Korovin,598.6497923687026,Portugal,Male,42,10,-9996.434910805054,2,True,False,184706.6291390809,False,False,1,PLATINUM,207.93891290753007
4175,16738720,Marchesi,520.7942659954975,Portugal,Female,33,1,5392.009362798717,1,False,True,43345.688741048514,False,False,4,SILVER,536.6374047543699
7589,16749773,Shen,652.3458090928845,Portugal,Male,39,7,102448.00393869393,0,True,False,68040.62532723858,False,False,2,GOLD,614.1472714151804
3535,16693927,Herrin,760.9159792704,Portugal,Female,29,4,143808.31420368396,1,True,True,23683.588667883465,False,False,0,GOLD,550.576108607107
6664,16601912,Ma,465.3666677687272,Portugal,Female,39,6,134085.52463944355,1,False,True,207505.10924558155,False,False,1,SILVER,691.476084009169
9389,16654846,Ogg,757.2929702517522,Portugal,Male,31,2,143835.82262400928,1,False,True,206036.0954852692,False,False,5,PLATINUM,628.8674119331678
7740,16764668,Lewis,734.8158507704222,Portugal,Male,54,5,136934.4452789126,0,True,False,5629.501067503474,False,False,4,DIAMOND,458.51787445085273
1070,16746254,Genovese,858.7234046928105,Portugal,Female,35,0,156742.90981643257,1,True,True,57019.467323212266,False,False,1,PLATINUM,435.6014710324248
7305,16754525,Chukwujamuike,790.9715096611864,Portugal,Female,26,6,142943.56289495842,1,False,True,36156.80815111408,False,False,3,GOLD,717.5076870627087
2143,16801423,Olisanugo,658.2756592914164,Portugal,Male,45,0,132582.2477553243,1,True,False,193287.23922244937,True,True,1,DIAMOND,339.3771540536081
2262,16580367,Moore,605.9696707749558,Portugal,Male,41,5,4610.349829165675,2,False,True,136544.78554625076,False,False,3,SILVER,926.7536272323275
5818,16713509,Chikwendu,659.6385393022309,Portugal,Female,45,5,18020.15480169757,1,False,False,159460.33225349983,True,True,1,PLATINUM,918.626080339742
2738,16783246,Ogbonnaya,720.0308482155742,Portugal,Male,32,3,146917.96242186707,1,True,False,109446.2923636886,False,False,4,PLATINUM,355.43500324580526
3527,16673437,Gibson,638.5614297066234,Portugal,Female,25,7,-3736.4435587830226,2,True,True,156963.6618831943,False,False,3,DIAMOND,954.2399546140498
8939,16737637,May,598.0081111617492,Portugal,Male,50,8,184089.6388039832,0,True,False,93028.10213848249,True,True,2,PLATINUM,631.9768807445256
9569,16561880,Rahman,640.9157351754563,Portugal,Male,29,6,152362.39054208185,0,True,False,26372.219698753997,False,False,4,DIAMOND,724.3389542411593
5929,16735709,Horsley,752.086032419001,Portugal,Female,31,6,104554.00008367613,1,False,False,96982.63645901172,False,False,5,GOLD,483.1070331417574
8398,16669774,Vorobyova,510.0580710362362,Portugal,Male,35,6,58071.0212470131,1,False,False,123151.80641680118,False,False,0,GOLD,436.5473236621432
7714,16766820,Milanesi,645.3279407198767,Portugal,Male,34,6,-4691.883137804415,1,False,True,102007.7174724918,False,False,4,DIAMOND,511.33015491353143
4192,16676570,Kambinachi,853.1683138055624,Portugal,Female,43,4,111673.73454193746,1,True,True,111964.89862408761,False,False,4,SILVER,734.7446640905652
6442,16665198,Lucciano,692.2495558879555,Portugal,Female,43,1,2026.5998267060068,1,False,False,207052.2193393621,False,False,2,SILVER,819.67963909653
7757,16773676,Davide,614.2614570649417,Portugal,Female,36,0,39778.81580148087,1,True,True,74671.61654010568,False,False,3,SILVER,887.0812322927554
1079,16596623,Zikoranaudodimma,845.7000842929037,Portugal,Female,44,5,119789.03060668442,1,True,False,59098.9584688755,True,True,4,DIAMOND,283.4763452930404
6332,16776544,Read,690.004707429982,Portugal,Female,26,0,-4316.102298102824,2,True,False,45404.98372758206,False,False,4,DIAMOND,250.3425453559407
6331,16614877,Onyemauchechukwu,639.0280442339208,Portugal,Male,74,0,140348.40038956935,1,False,True,40008.85194544403,False,False,2,DIAMOND,846.0404311518544
4550,16696219,Fanucci,481.2703241997324,Portugal,Female,31,3,6676.339848683518,2,True,True,128940.94375233467,False,False,3,DIAMOND,623.1488009023954
3179,16638490,Scott,743.4975449283955,Portugal,Female,28,7,97060.47571404403,1,True,False,-7097.2564313950115,False,False,3,SILVER,822.549761215376
4914,16754830,Bray,545.1210819668993,Portugal,Male,35,6,129076.05406215647,0,False,True,78177.61729710529,False,False,5,GOLD,837.8458814603522
4693,16762547,Pisano,643.8633961044989,Portugal,Male,28,7,-3419.603344360064,2,True,True,146607.56187859413,False,False,4,DIAMOND,619.660642235151
5985,16745544,McLean,591.1657084081533,Portugal,Male,36,7,172433.2459890605,1,True,True,80194.3717927059,False,False,1,GOLD,245.2104562491745
244,16583999,H?,683.5422408276676,Portugal,Male,27,1,126266.31831512663,0,True,True,69170.84391110549,False,False,3,GOLD,366.95954602659407
5622,16815969,McMillan,657.0298609178407,Portugal,Male,49,7,7698.797557245489,1,True,False,165443.8199451566,False,False,4,DIAMOND,474.1014239703762
1922,16635744,Thompson,855.9073029928085,Portugal,Male,33,3,157907.39427582928,1,True,False,184732.3861595894,False,False,3,GOLD,823.3650625348197
3784,16777365,Stehle,635.7978265728037,Portugal,Female,46,5,-957.5547593117775,1,True,False,38426.86117933559,False,False,0,PLATINUM,199.03573501819986
9556,16702325,Walker,680.6828720764668,Portugal,Female,39,3,158696.63755916705,2,True,False,164455.12061719585,False,False,0,GOLD,332.8652251083926
1152,16665688,Colombo,680.5711289520701,Portugal,Female,31,7,123656.90402825343,1,True,False,36960.773134389325,False,False,2,SILVER,903.6428149966397
6289,16672540,Lin,608.1584512339955,Portugal,Male,34,4,1903.3747769700287,1,True,True,73862.88395723765,False,False,1,DIAMOND,741.3211201199407
9058,16723033,Bianchi,757.4585721339857,Portugal,Female,77,5,105121.89565548317,1,True,True,77340.91106726183,False,False,4,PLATINUM,569.0770107175846
3124,16735981,Hs?,707.8302974444397,Portugal,Male,41,2,82841.3476707404,1,False,False,45110.587776831446,False,False,1,GOLD,561.3531870064091
5196,16741808,Gay,570.4225515952387,Portugal,Female,51,0,124092.99709198646,0,True,True,55641.92461573459,True,True,4,PLATINUM,432.3018364771899
8497,16788004,Forbes,713.581742048784,Portugal,Female,25,9,-408.0567687652902,1,True,True,173865.61316865374,False,False,2,SILVER,913.5279946274852
4359,16666208,Hughes,585.7043828499842,Portugal,Male,40,2,7115.3984800720755,3,False,True,107933.20943020364,True,True,2,PLATINUM,816.7177228241341
7158,16578792,Skinner,626.1477964603306,Portugal,Female,35,0,595.5807009631819,2,True,True,-5908.841490010923,False,False,1,GOLD,515.3596342885204
6930,16661000,Boyle,541.1996510123595,Portugal,Female,33,6,-5091.134213886788,2,True,True,119424.06652873581,False,False,4,SILVER,657.6564772954083
5540,16794479,Hughes,500.33360042006586,Portugal,Female,33,1,93492.54132092268,0,False,False,11241.59127392701,False,False,1,GOLD,746.3411515523874
7661,16618714,Geoghegan,558.1412984699452,Portugal,Female,44,7,161274.0215989763,0,True,False,114653.10704114391,True,True,4,SILVER,806.9049936051347
9822,16813343,Chesnokova,420.4961902996857,Portugal,Female,47,9,-7430.350662162316,0,True,True,79064.97792066394,True,True,2,GOLD,731.1948169309107
1089,16773105,Hsieh,846.6667344646479,Portugal,Male,18,2,171601.10445585157,0,False,False,147877.62041408196,False,False,4,DIAMOND,823.2149880882557
6240,16709518,Doherty,627.6167126184757,Portugal,Male,39,4,175573.56884520888,1,True,True,129335.98317148238,False,False,1,SILVER,280.0557010699921
890,16657137,Artamonova,801.8551313460196,Portugal,Female,27,4,150966.92086275367,1,True,True,4883.1086913930085,False,False,3,GOLD,548.2170585566768
6637,16700227,Knorr,633.1873516702435,Portugal,Male,49,1,138845.98177814423,0,True,False,86412.62096272179,False,False,5,GOLD,411.7226486814225
3381,16679750,Burns,610.2837973161734,Portugal,Male,35,7,78286.03867103973,0,True,False,183640.09415030957,False,False,4,DIAMOND,446.4866588733542
3195,16783839,Bottrill,732.9471827861454,Portugal,Female,43,2,48799.42909746031,2,False,True,91561.65411702367,True,True,0,PLATINUM,270.987510253562
9616,16599703,Craig,792.2908071437481,Portugal,Female,28,2,45735.38186243272,2,True,False,120931.96334677175,True,True,3,DIAMOND,868.2964678800132
9750,16602329,Chimaraoke,798.0671663925159,Portugal,Male,34,3,140291.62103161667,2,True,True,123869.17592998625,False,False,2,GOLD,317.8716986223322
8306,16683880,Nixon,540.3610936667828,Portugal,Female,40,7,604.497347563699,2,False,True,186639.41339534416,False,False,1,GOLD,279.11817036519915
2185,16616885,Dellucci,648.4924077835071,Portugal,Female,35,0,132282.71373262032,1,True,False,79231.17501475419,False,False,3,DIAMOND,737.8717212848608
5240,16626810,Taylor,729.8190666469459,Portugal,Male,37,0,108910.63973037284,0,True,True,136456.09301196234,False,False,4,GOLD,678.4287726896329
9702,16667775,Chidiebere,746.9078333682451,Portugal,Female,30,4,2260.9074347627566,2,True,False,138106.32134518484,False,False,5,PLATINUM,790.5582980149395
6388,16650864,Kay,560.8282745794853,Portugal,Male,23,8,147394.81424887665,0,False,True,171243.79757669132,False,False,0,DIAMOND,660.9770859915947
3892,16764465,Atkinson,703.0774649105593,Portugal,Female,36,2,2504.4647064855853,1,False,True,162911.06353989558,False,False,3,SILVER,515.4763194891786
7021,16799855,McVey,768.3251361408901,Portugal,Female,46,0,50839.917815458255,0,True,False,86197.44732557172,True,True,1,DIAMOND,627.3825181714782
2767,16818484,Kambinachi,472.6100346979939,Portugal,Male,41,4,86316.35751696237,1,True,False,144152.11658638535,True,True,0,SILVER,971.0140877531161
4296,16679847,Balashov,556.4671473886443,Portugal,Male,48,3,137327.1611033977,0,True,False,162027.9270513932,True,True,2,DIAMOND,925.9104732292321
9085,16626010,Calabresi,603.7651197121367,Portugal,Male,36,4,56319.72992997994,1,True,True,19906.882570143567,False,False,3,SILVER,902.4273989050788
4078,16707174,Udinesi,606.5231144310435,Portugal,Female,37,6,149147.26113291367,1,True,True,127992.74492392404,False,False,1,DIAMOND,913.7039184071069
6368,16655083,MacDonald,676.4161279524972,Portugal,Male,35,8,114955.39651010129,1,True,False,168950.06812429513,False,False,0,PLATINUM,488.68857634078404
702,16757686,Douglas,873.6540228043876,Portugal,Male,31,6,72335.56186466695,1,False,False,52667.539309001586,True,True,3,DIAMOND,898.7772072525985
7332,16772429,Potter,519.1725970184219,Portugal,Male,44,2,6616.264563599354,2,True,False,81085.76992913119,False,False,2,PLATINUM,583.8747807625945
3942,16745226,Nkemdirim,570.6459923742468,Portugal,Male,60,3,-6133.894052337236,1,True,False,40701.414727612006,True,True,2,SILVER,958.0552467734583
6208,16584129,Chiabuotu,627.3835631626043,Portugal,Male,59,4,150804.63004619005,1,True,True,113259.5007405782,False,False,1,DIAMOND,262.2073209972599
894,16766710,Trevisani,500.74106694045406,Portugal,Male,32,3,119434.65927721762,1,True,False,100345.87831183765,False,False,2,GOLD,822.460793440106
930,16772781,Palerma,741.980471317819,Portugal,Male,34,0,143860.92227800487,0,False,True,57287.126409803095,False,False,1,DIAMOND,645.2871046320892
6655,16638325,Munro,604.0168256701497,Portugal,Male,46,7,64955.29470764547,1,True,True,125184.86757592631,True,True,4,GOLD,841.2819197063702
7866,16644827,T'ang,606.2669129055581,Portugal,Female,62,4,113896.7427562653,1,False,True,133323.0761357284,False,False,0,PLATINUM,882.1514939788534
7646,16619596,Welsh,718.5314358738055,Portugal,Male,27,7,-15689.90805098234,2,True,False,160620.27195712255,False,False,3,DIAMOND,981.0709083346069
3540,16725505,Yu,553.3316873588997,Portugal,Female,27,7,97845.76063128866,1,True,True,165187.39716827348,True,True,0,GOLD,528.6082797186373
1637,16749486,Cox,654.0404407602591,Portugal,Male,31,7,103253.34905161108,1,True,True,30064.339272877696,False,False,2,PLATINUM,512.6858352181788
106,16698918,Collins,740.6576782194536,Portugal,Male,29,5,73635.67618070685,0,True,False,143808.1037957984,False,False,2,GOLD,487.1505920376483
518,16795802,T'ang,632.5468374534687,Portugal,Male,40,1,-3178.1220661452962,1,True,True,59805.63947846395,False,False,3,PLATINUM,973.2560504381718
1825,16633192,Blackburn,652.4443861144258,Portugal,Male,48,2,-8698.078771574228,2,False,False,4610.392222483353,False,False,2,SILVER,540.2848755475948
863,16712662,Chan,548.4273909506635,Portugal,Female,25,6,690.4749183378199,2,False,False,167823.91663703992,False,False,4,SILVER,621.5358092476163
7837,16649502,Medvedeva,680.6806988437016,Portugal,Male,40,1,148408.6958097156,2,True,True,198635.7136268745,False,False,3,SILVER,413.5992481854305
776,16743630,Genovese,840.1389427883014,Portugal,Female,36,0,162465.3801521777,0,True,True,57325.943315411634,False,False,1,PLATINUM,387.69398895223065
1844,16609615,Lombardi,831.3444329475469,Portugal,Male,57,0,61148.12699713129,1,True,True,71138.93027607165,False,False,3,DIAMOND,397.5333489497093
1359,16624478,Parkin,751.7590237489693,Portugal,Female,52,7,8494.345367559983,1,True,False,186470.0215587568,True,True,1,GOLD,426.9952038889473
5179,16648139,Solomina,632.7220772453602,Portugal,Male,36,1,131311.7371655595,0,False,True,83216.65801998452,False,False,1,DIAMOND,613.9490735785413
2593,16644982,Unwin,669.556567383567,Portugal,Female,32,5,67678.97450525637,1,True,True,29171.344499408904,False,False,5,SILVER,280.0906103554717
6971,16604831,Martin,782.2935600765037,Portugal,Male,29,6,5791.011254183288,2,False,True,49334.9032962102,False,False,3,GOLD,606.8089756498274
1116,16706909,Okeke,593.788833474953,Portugal,Female,37,9,7387.98392849541,2,False,True,115389.55949915145,False,False,4,SILVER,680.0418940283388
7462,16722884,Carroll,636.5870434914615,Portugal,Male,40,4,100036.08310386713,1,True,True,179609.03778032307,False,False,4,SILVER,287.4635307136122
8109,16736169,Hamilton,691.6867627879436,Portugal,Male,30,9,154812.48913449515,1,True,True,30712.978431748827,False,False,4,DIAMOND,425.18434464394437
5230,16780888,Ikemefuna,694.7768555375244,Portugal,Female,36,5,169004.41180405527,1,True,False,122399.732264292,False,False,1,DIAMOND,389.14653561216124
2845,16782939,Lorenzo,485.62077303448496,Portugal,Female,57,8,-9054.373223893605,2,True,True,157747.1131332241,True,True,3,SILVER,301.24825953412716
1730,16781803,Napolitani,694.1369996400557,Portugal,Female,49,7,-3666.5754981647206,1,False,True,103053.49151965545,False,False,3,DIAMOND,405.46682149367194
3233,16661375,Fetherstonhaugh,540.7904967675123,Portugal,Female,29,3,95358.26429570268,1,False,False,185258.64227414812,False,False,2,GOLD,905.02013799678
893,16679049,Hudson,592.8133365621738,Portugal,Female,43,8,6671.200061238711,3,False,True,122179.96945317787,True,True,4,SILVER,380.80165094939474
1857,16676219,Ferri,726.3492708076946,Portugal,Male,35,2,128821.95722545052,2,True,False,135444.70591476772,False,False,0,PLATINUM,564.9174192976353
8869,16812205,Iweobiegbulam,727.3172750511355,Portugal,Male,34,4,110254.77297170214,2,True,False,32107.041162850823,False,False,2,DIAMOND,488.6168983483531
5454,16631424,Monaldo,722.6489196275015,Portugal,Male,33,4,-4795.966808077568,0,True,True,169544.16462690197,False,False,4,DIAMOND,867.690369922631
8648,16748359,Descoteaux,593.1125624182293,Portugal,Male,43,1,80309.76213386844,1,False,True,4129.272036229193,True,True,1,SILVER,503.2264287715887
7659,16711778,Wardle,690.6281519540275,Portugal,Female,34,8,105098.26356046475,2,False,False,46826.304845924846,False,False,5,GOLD,517.6752132658738
4436,16785647,Anderson,616.3422244632773,Portugal,Female,34,7,-1931.3539871831524,2,True,True,151561.29652617913,False,False,1,PLATINUM,688.4501068905078
2743,16661988,Moss,650.7186952254716,Portugal,Male,57,1,164479.0575919233,1,False,True,21054.853492804017,False,False,2,PLATINUM,328.07718967469174
7548,16572725,Sung,667.7157408381254,Portugal,Male,23,9,108109.21772438078,1,True,True,57983.78449541933,False,False,4,GOLD,847.3504924961599
5827,16794595,Molineux,742.3325002687179,Portugal,Female,24,3,92280.21932832268,1,False,False,33192.031383290094,False,False,3,PLATINUM,885.0249962228642
9048,16639713,Lo,703.4800182223969,Portugal,Male,39,3,116497.76674077098,1,True,True,100844.49138359845,False,False,2,SILVER,433.643576741766
1478,16769932,Frost,553.595672716286,Portugal,Female,39,4,143490.9805732187,0,False,True,26173.46164801542,False,False,4,DIAMOND,658.0232714424742
9454,16625667,Griffin,423.1537812595194,Portugal,Male,54,2,-12736.262627766619,0,True,False,155638.18513357904,True,True,4,SILVER,820.0907356131021
5118,16804725,Norman,529.9251992917291,Portugal,Male,42,5,137755.94058851755,1,True,False,173617.12841495022,False,False,0,SILVER,692.9616050124275
5839,16556538,Rawling,577.0826984194629,Portugal,Female,27,3,-10272.764173430423,3,True,False,168227.8431213084,False,False,0,DIAMOND,488.72986868559906
4532,16811753,Iweobiegbunam,803.4861530144059,Portugal,Male,24,9,-11405.457064086952,1,True,True,159344.17429240744,False,False,1,PLATINUM,659.4892179261182
759,16690970,Ball,764.4674952873705,Portugal,Male,34,8,105913.92807457376,2,False,False,99686.34794978253,False,False,4,DIAMOND,909.1650295072965
8215,16808379,Padovano,744.2984447275479,Portugal,Female,34,0,167532.99058385534,1,False,True,175399.8434942245,False,False,1,GOLD,774.3399080376367
10104,16587620,Hancock,563.6489711427529,Portugal,Female,30,2,133752.224202244,0,True,True,30683.04410620359,False,False,3,SILVER,686.8851430439269
7981,16697596,Anayochukwu,814.5308458231398,Portugal,Female,37,1,39017.27031476271,1,True,False,186495.96254064908,False,False,3,DIAMOND,243.0344410333033
8987,16561666,Kodilinyechukwu,699.4126810311083,Portugal,Female,46,7,54320.99245054321,2,True,True,73611.4303509252,False,False,2,DIAMOND,344.77356397049704
8394,16612033,Otoole,794.7674925664354,Portugal,Female,34,4,110673.0969385096,0,False,True,5971.831583261325,False,False,2,DIAMOND,593.5211539087855
2112,16584201,Saunders,610.4349017553961,Portugal,Male,40,9,-1128.5472987393352,2,True,False,5650.710422212354,False,False,4,GOLD,355.6176423486661
3846,16815162,O'Donnell,516.4043249871817,Portugal,Male,32,3,127300.50727254052,1,False,False,60433.48751686001,False,False,1,DIAMOND,253.53812900440323
5895,16823803,Folliero,577.4442653883243,Portugal,Female,55,6,-8004.828591211674,0,True,False,25678.95445919314,True,True,5,SILVER,721.1806733170866
7721,16592678,Service,625.0105768767869,Portugal,Male,43,9,116263.30151000168,2,False,True,178055.70634991443,False,False,4,DIAMOND,720.7642822748587
8403,16593367,Morant,619.293232227019,Portugal,Female,32,4,93464.63672063132,0,True,True,159548.14309668393,False,False,2,SILVER,820.4094672240795
7615,16701359,Potter,652.0924588064407,Portugal,Female,32,6,95400.51057265844,2,True,True,102163.95927350313,False,False,4,SILVER,600.6747343823432
5657,16669804,Piccio,759.6077647812347,Portugal,Male,49,4,141824.10157583083,2,True,True,159053.89243671313,True,True,4,SILVER,884.944714083428
7292,16707967,Capon,759.4898934787042,Portugal,Female,31,4,137023.86188536574,1,True,False,35401.91326697795,False,False,1,DIAMOND,385.0094858252226
1761,16729299,Talbot,679.7767050677082,Portugal,Female,36,0,-6554.234272439074,2,False,False,85532.258191146,False,False,1,PLATINUM,592.6560182571028
5688,16719188,Parkes,686.0242116138465,Portugal,Male,40,6,111286.86849603892,1,True,True,177630.55633257786,False,False,5,GOLD,430.6772083270154
870,16659680,Palermo,767.5341138601972,Portugal,Male,28,0,126335.74616550497,0,True,False,93482.93581212385,False,False,3,SILVER,468.62154058515904
9155,16615984,T'ao,680.8318842203267,Portugal,Male,30,2,-1480.3757769890547,2,False,True,15679.638197952938,False,False,4,DIAMOND,400.7937994663769
3151,16741010,Hs?,616.7520170133602,Portugal,Male,35,10,2262.2894575383007,1,True,True,15495.660403462938,True,True,4,SILVER,910.8871797833507
9113,16734641,Walker,689.1192199439947,Portugal,Female,32,8,93230.13887598489,1,False,True,151277.0213788015,False,False,4,SILVER,977.567512779597
1340,16670093,Onyinyechukwuka,639.3174897566959,Portugal,Male,48,6,180836.44056043666,1,True,False,166012.9496453597,True,True,3,SILVER,821.8010427517124
4842,16768147,Pisano,558.2231357633497,Portugal,Female,29,8,116535.42927675828,0,True,True,10382.311549576218,False,False,0,DIAMOND,501.75602808691235
5843,16717105,Merrett,674.5812760840116,Portugal,Male,37,7,136643.00378305977,0,True,False,175152.07989903362,True,True,3,DIAMOND,311.3147527311536
2477,16625325,Morrison,723.4781024686656,Portugal,Female,42,8,94723.34238198824,0,True,True,71852.41322632048,False,False,5,SILVER,742.2032309828683
3394,16668630,Horrocks,679.9613967664595,Portugal,Female,48,0,-4481.334162616343,1,True,True,80458.29574461661,True,True,3,SILVER,437.56631940135054
8460,16739869,Piccio,685.0649824809087,Portugal,Female,60,7,72478.68689700343,0,True,False,132899.40984964883,True,True,3,DIAMOND,288.11602153760515
7276,16594638,McGregor,758.0579943208328,Portugal,Female,34,7,-4740.644087359558,1,True,False,51319.323921138435,False,False,4,GOLD,908.1867805194383
4905,16606475,Chiefo,536.369102822436,Portugal,Male,54,2,146738.78787660442,0,True,False,-34.62585416104844,True,True,0,DIAMOND,591.9004482683764
8746,16633008,Moore,639.945979736392,Portugal,Male,43,8,74909.58194768647,1,False,True,138850.64818009053,False,False,2,DIAMOND,435.9692650614411
5477,16690300,Bazarova,749.4538737458657,Portugal,Male,33,4,-7526.0611370151,2,True,True,37580.046338288426,False,False,2,SILVER,457.68760826742727
9460,16654935,Thornton,657.8501742203474,Portugal,Male,44,8,129151.32993080647,0,False,True,5183.686383960457,True,True,1,SILVER,867.0508467220602
7733,16733930,Sung,544.8736032961131,Portugal,Male,37,1,-2488.187697398641,1,True,False,30093.492053206668,False,False,4,DIAMOND,618.5911225172372
3473,16714175,Anenechukwu,788.3842055194784,Portugal,Female,31,2,115910.38558804944,1,True,True,155664.24416337744,False,False,3,PLATINUM,203.61611542658693
8558,16761669,Forbes,512.350687415306,Portugal,Male,40,6,112491.4095586084,0,False,True,36364.43887809327,True,True,1,DIAMOND,697.3837082438592
8457,16757981,Fleming,722.1164721356387,Portugal,Female,38,0,-5885.873344130953,1,True,True,95304.08375436245,False,False,2,DIAMOND,255.18591487057654
2887,16754849,Palerma,614.4016085851617,Portugal,Female,70,9,-295.6001320225099,1,True,True,125668.98283836378,False,False,1,GOLD,751.3643978267502
4021,16723101,Udinese,689.613151108232,Portugal,Male,28,7,4568.399810156332,2,True,True,58671.77611775683,False,False,2,GOLD,974.0201377514403
695,16655851,Hung,841.1751139773475,Portugal,Male,38,3,122398.81992571426,1,True,True,22506.31713402371,False,False,2,GOLD,852.9671638901294
2972,16629215,Du Cane,734.3044136758464,Portugal,Male,33,2,152371.7363617434,2,False,False,65907.1921912944,False,False,1,DIAMOND,557.633811491639
2987,16656295,Goliwe,516.0950574313221,Portugal,Female,28,9,1446.9752145946675,2,False,False,88813.43102771042,False,False,2,PLATINUM,731.8088099231003
2716,16617004,Iqbal,718.0143521502284,Portugal,Male,37,3,5591.25760276624,1,True,False,191873.03872378374,False,False,3,GOLD,753.7324203830077
7601,16596245,Degtyarev,548.9509137134742,Portugal,Male,24,3,90659.9316927321,2,True,True,58633.00418730965,False,False,1,SILVER,817.4331307331881
7145,16741563,Ugonna,684.5361513267346,Portugal,Male,43,8,143803.35496543223,2,True,False,174314.77387874946,True,True,0,DIAMOND,563.9800436217937
1993,16559195,Amaechi,468.25155567258446,Portugal,Female,34,5,74723.31306076111,1,True,True,166699.85775105047,False,False,0,DIAMOND,573.0655586969951
8036,16614873,Heller,544.1280804911554,Portugal,Male,33,6,-5383.250156643922,0,True,True,40592.35493845728,False,False,3,GOLD,873.7187571858758
5659,16595288,Liao,612.6069639717185,Portugal,Female,44,10,165958.4443018392,0,True,False,99799.24867959318,False,False,1,DIAMOND,819.1704675991832
1189,16789398,Murray,695.6311423025605,Portugal,Male,40,5,159623.77472633414,1,True,True,151499.21696229058,True,True,3,GOLD,839.6074566618978
8195,16638467,Muir,738.4842058424857,Portugal,Male,44,0,126730.22499496058,0,True,True,86474.92112051485,False,False,3,SILVER,352.0955882152456
6785,16698746,Clarke,581.0165248763134,Portugal,Female,55,1,118886.2965717986,0,True,False,186578.9406029161,True,True,1,GOLD,830.0781294812198
577,16728876,Lin,588.7172988643532,Portugal,Female,39,5,-3132.6378766415487,0,True,False,64035.088878417606,False,False,0,SILVER,934.6271191171065
4638,16648438,Reyes,719.887986823597,Portugal,Male,39,5,-4060.611757203864,1,True,True,84017.28952717921,False,False,0,DIAMOND,616.5853160299098
7807,16791792,Scott,602.3482878585273,Portugal,Female,25,6,108588.71890373871,1,True,False,79519.7481917049,False,False,4,SILVER,819.9152458374143
9678,16580593,Robertson,702.1323467220726,Portugal,Male,37,6,103566.82724648032,0,True,False,174529.37219234792,False,False,3,GOLD,538.5983980032946
8852,16631728,Chiang,761.101994489527,Portugal,Female,35,6,128485.30614241699,1,True,True,41973.83587086617,True,True,4,PLATINUM,370.7739825334536
3255,16661864,Aksenov,714.6402997782069,Portugal,Male,24,1,4974.425184649485,0,False,True,133698.38449452177,False,False,5,GOLD,287.408662951825
3392,16669059,Lawrence,529.0299939623752,Portugal,Male,37,2,-1979.7414397090804,2,True,True,84752.1099133548,False,False,1,PLATINUM,705.5281104561749
8175,16798443,Nnonso,576.6609184958227,Portugal,Male,40,10,131029.03795444674,2,True,True,24716.08351302892,False,False,1,SILVER,669.7659015736813
586,16726680,Seleznyov,647.8690700833255,Portugal,Female,31,0,109065.78635210838,0,True,True,138038.19312589653,False,False,4,GOLD,218.89551838467713
9732,16729807,Wei,631.5650886586416,Portugal,Female,51,9,158489.51274486168,1,False,False,91142.47637786184,True,True,2,PLATINUM,506.6896233736733
2878,16734197,Black,651.0452017883478,Portugal,Female,29,6,34113.07695899396,1,False,True,101320.71466412788,False,False,2,DIAMOND,263.7613189175082
7592,16684950,Padovano,683.9760105306781,Portugal,Female,39,1,54285.7956981859,2,True,True,88651.39093642861,False,False,3,SILVER,650.8582448285706
10259,16797278,Lord,715.6392526603945,Portugal,Male,24,2,135734.33026256334,1,True,True,13325.05365986702,False,False,2,GOLD,577.4461523610611
7291,16679554,Thornton,703.7750335904396,Portugal,Male,48,7,85931.27268286873,0,True,True,121003.19240363436,True,True,2,DIAMOND,278.0009467289658
368,16729519,Hay,552.914539876313,Portugal,Male,45,8,7198.6578561338065,2,True,False,27168.573613263427,False,False,2,DIAMOND,717.5367486801349
9206,16659592,Tomlinson,791.8519064533069,Portugal,Female,39,6,168266.82993893063,1,False,True,143322.4772115494,False,False,1,PLATINUM,927.9488711904143
758,16780603,Gibbs,722.7182739378134,Portugal,Male,34,4,-7927.2263498350585,2,False,False,71800.96934165012,False,False,1,PLATINUM,907.2809060339151
2622,16696171,Bowhay,567.1849396232533,Portugal,Male,43,8,-2293.7301258835937,1,True,True,77488.72846686232,False,False,1,DIAMOND,962.2342962813743
8215,16795130,Pagnotto,783.5094250505202,Portugal,Female,30,0,106198.76369734736,0,False,False,33151.53123082926,True,True,5,PLATINUM,604.2166431326252
2948,16636851,Sal,576.7429866784149,Portugal,Female,38,4,117900.3340485327,2,True,False,180900.1525318758,True,True,4,GOLD,529.4182847308514
1696,16696582,Chineze,632.1907100462824,Portugal,Male,36,9,111898.44820742226,2,True,False,21070.869887998586,False,False,2,DIAMOND,548.667800178132
10071,16641741,Ukaegbunam,752.8128659798169,Portugal,Male,34,7,3326.000009188481,2,True,False,80518.80194557378,False,False,3,DIAMOND,540.4268760893606
325,16754123,Gant,748.2765064541335,Portugal,Male,20,3,120524.90829473572,1,True,False,133555.00893482935,True,True,1,SILVER,837.4327878605287
7092,16596280,Zuyev,660.6396405497075,Portugal,Male,38,7,101735.05329808897,1,True,True,201631.53196471182,False,False,2,PLATINUM,308.401705822191
4876,16746884,Chesnokova,727.8732885248868,Portugal,Male,46,1,111883.72841427906,1,True,False,200390.28239874364,False,False,5,GOLD,760.9113054990092
46,16594689,Miller,672.0014986488999,Portugal,Female,34,0,74105.53574189219,0,True,True,40049.4463547958,False,False,2,SILVER,969.9961891296265
1612,16736751,Yefimova,618.8173558571087,Portugal,Male,49,2,4032.5254341370055,1,True,True,47010.96275241991,False,False,5,GOLD,678.6365187331793
1396,16593075,Ford,691.1358298313838,Portugal,Male,31,4,88438.59629906595,0,True,False,124216.1463016467,False,False,0,GOLD,597.0987465576076
4292,16587469,Ferri,706.5952916412587,Portugal,Female,49,7,111477.28999985212,2,True,False,150629.07043418416,True,True,2,PLATINUM,779.9100460185622
2300,16697338,Johnston,537.9858008802574,Portugal,Male,57,0,-5116.225556427758,2,False,True,109565.41160297264,False,False,0,DIAMOND,601.1635341047181
9667,16653625,Matthews,707.6407105735866,Portugal,Male,25,9,123451.59595483074,1,True,False,17165.696409646425,False,False,1,GOLD,286.131342849935
5235,16591226,Tucker,649.5624660197659,Portugal,Female,46,8,100971.71462026259,1,False,False,141314.19795367453,False,False,0,DIAMOND,932.2441619875323
7967,16675470,Padovano,695.1278957198987,Portugal,Female,37,1,42422.791403177755,2,True,True,94538.79806684046,False,False,4,SILVER,653.9863442454305
5177,16761767,Montemayor,783.6915858372266,Portugal,Female,34,3,-193.81080733238886,1,True,True,14466.107192535606,False,False,2,GOLD,588.8737916800615
1715,16660418,De Luca,579.6413527545411,Portugal,Male,31,5,-1139.2140668841128,1,True,True,21680.383050752702,False,False,4,SILVER,562.4355731716245
9039,16723862,Kemp,818.3960198425793,Portugal,Male,23,4,113958.4532090015,0,True,False,168128.08749462708,False,False,4,GOLD,234.6890809655067
8029,16741928,Ts'ui,649.1240493964641,Portugal,Female,45,0,116483.03726554765,0,False,False,186592.871421304,True,True,4,GOLD,774.442263291217
1123,16620168,Peng,621.1938882885612,Portugal,Male,44,3,5698.010779952504,2,True,True,59215.805763161,False,False,2,SILVER,592.585779835311
7911,16665545,Conway,569.3906641170199,Portugal,Male,74,1,131055.95608593589,1,True,True,183673.3206321047,False,False,0,SILVER,695.4732968118497
6997,16787363,Mullen,684.0032540744617,Portugal,Male,32,6,1281.4685415261324,0,True,False,67135.19298591289,False,False,4,DIAMOND,951.0646331882765
3004,16715962,Fleming,667.4178376141749,Portugal,Female,53,8,167536.57351072083,3,True,True,142020.3320989329,True,True,3,DIAMOND,229.6600911890656
7707,16591149,Okechukwu,563.3118542332937,Portugal,Male,51,3,110943.35761010519,2,True,True,160004.73027307648,False,False,3,SILVER,560.8182442874015
4459,16626674,Titheradge,530.0438771448172,Portugal,Male,35,8,87989.95678714896,1,True,False,9964.572383736224,False,False,3,DIAMOND,761.7440746087159
185,16761722,Bradley,524.6079038932496,Portugal,Male,35,6,-5325.835382899781,1,True,False,68340.9715781029,False,False,4,SILVER,434.2415905892391
687,16642979,Han,608.6623142397659,Portugal,Female,58,0,131568.41883257922,1,True,True,112862.52697289713,False,False,4,GOLD,409.8954019597758
5357,16750685,Sokolov,714.0698700809874,Portugal,Female,51,9,96684.41008501234,1,False,False,66082.16689517886,True,True,5,GOLD,270.69592386533867
7653,16803279,Nnaife,630.5231538768227,Portugal,Male,28,8,64501.77330233599,0,False,True,191435.96635642808,False,False,5,SILVER,325.8531206626038
412,16790255,Romani,827.41033942962,Portugal,Male,67,5,151335.78849021782,1,True,True,75378.61242121419,False,False,5,GOLD,467.7229035965444
5254,16611807,Lung,704.2009954314091,Portugal,Female,32,0,84850.30599880769,1,True,False,180288.16719754925,False,False,5,PLATINUM,918.117222139614
1714,16644218,Tretyakova,604.6747270347145,Portugal,Male,59,2,68852.9848959309,1,True,True,191921.00679687492,False,False,4,SILVER,938.742252088945
271,16775340,Howells,698.5894805553461,Portugal,Male,45,4,1547.9609433967194,2,True,True,136537.40469570496,False,False,1,PLATINUM,466.2694807009831
9675,16716826,Thomas,634.8362957231038,Portugal,Male,40,5,82162.76809325065,2,True,True,118015.58998200845,False,False,3,DIAMOND,506.36125672046245
7390,16626323,Teague,676.7279354688302,Portugal,Female,36,7,165374.00464671414,1,False,True,35066.46538265923,False,False,0,PLATINUM,995.7166251017535
4857,16670614,Cameron,745.5487186956868,Portugal,Female,44,9,-430.5885645101853,2,True,False,165872.2648318571,False,False,2,GOLD,581.8494991144524
8645,16752487,K?,779.1122528988084,Portugal,Male,62,8,147406.40876553807,0,True,False,188392.57933192467,True,True,5,GOLD,298.89118672597897
9457,16635349,Obiora,651.0478054708407,Portugal,Female,44,8,-2833.090102884796,1,True,False,183340.3994561561,False,False,4,DIAMOND,590.6903011726002
1083,16588269,Longstaff,831.4592817126269,Portugal,Male,30,0,141526.9323676107,0,True,True,161092.88803727736,False,False,1,PLATINUM,992.0713681873788
3337,16723023,Hunter,671.450820007576,Portugal,Male,36,8,190559.7480071151,2,False,False,192748.83845538308,True,True,3,DIAMOND,374.28809044406836
2735,16653042,Miller,552.6248119900811,Portugal,Male,31,5,152513.96489467841,1,True,False,128700.43354185093,False,False,2,GOLD,575.9743171688466
8037,16814371,Medland,869.6387914085268,Portugal,Male,44,1,112994.27096662305,2,False,False,152126.09620727907,False,False,5,SILVER,843.2430102904327
5839,16575546,Moss,816.1211851816245,Portugal,Male,33,5,3996.598982501927,2,True,False,107348.59825343401,False,False,4,SILVER,431.71823940426515
2057,16669573,Chukwualuka,740.219835432578,Portugal,Male,32,8,2399.5376280644555,2,True,False,167545.33707904976,False,False,3,DIAMOND,336.9124285580701
1388,16749081,Docherty,606.118682793883,Portugal,Male,30,6,112007.85770806066,1,True,True,44900.56984947802,False,False,4,PLATINUM,262.34299428925453
9190,16683101,Chin,524.650983053815,Portugal,Male,63,3,-8304.869388114525,1,True,True,156493.76761792696,False,False,5,GOLD,687.6407082188218
3114,16812604,Sagese,470.6394723445101,Portugal,Male,28,6,-12748.589039623052,1,False,False,202247.12932343563,True,True,2,DIAMOND,822.7871236355705
7556,16688829,Chukwujamuike,522.5435086287456,Portugal,Female,42,3,72938.15502384791,1,True,False,120782.87409057381,False,False,0,DIAMOND,388.23764260075995
2320,16727253,McKenzie,587.3909136494124,Portugal,Female,30,6,-2006.6057429747593,1,False,True,34770.06850305514,False,False,3,PLATINUM,404.19172793127376
1322,16740699,Warner,769.3165545256304,Portugal,Female,41,8,163013.82278835954,2,True,False,168740.44432879542,False,False,4,GOLD,666.7079849490033
6896,16745855,Torkelson,598.361552733577,Portugal,Male,48,9,-5903.454038629875,0,True,False,69994.88299268339,True,True,4,SILVER,262.8495575774783
6955,16794379,Humphreys,793.7312156977047,Portugal,Male,35,6,90358.10076823694,2,True,True,176413.50152881633,False,False,5,SILVER,539.6822978609326
6617,16748241,Hargreaves,713.0263841980548,Portugal,Male,34,3,97130.15963724608,1,True,False,195526.02776708864,False,False,5,GOLD,868.0298305059365
8435,16766810,Wenz,624.5754872679653,Portugal,Female,39,2,148657.94020108948,2,True,False,108985.99810368162,False,False,1,PLATINUM,579.303424157334
9766,16672369,Mazzanti,761.2944041230629,Portugal,Female,45,6,-2700.379188493108,2,False,False,134407.39279546542,False,False,2,PLATINUM,341.7085630172044
8736,16578587,Chiazagomekpere,620.2178154104764,Portugal,Male,22,4,140458.86296786088,1,True,True,143476.45387930682,False,False,3,PLATINUM,555.2394976230224
978,16696988,Wood,698.2297423037534,Portugal,Female,37,4,-4968.83345334627,2,True,True,137553.04548608777,False,False,3,DIAMOND,396.8839687023128
7814,16603133,Gorshkov,705.0348782258312,Portugal,Male,32,4,90761.68515886237,2,True,True,97003.0971751886,False,False,1,SILVER,666.9536526945461
8521,16731922,Martin,663.7477599414887,Portugal,Male,34,9,-4182.806382744863,1,True,True,120579.69256108825,False,False,3,PLATINUM,677.3715383695886
5108,16742471,Tsui,651.5418299603971,Portugal,Female,38,6,98666.92511492892,1,True,True,130055.22338005067,False,False,2,GOLD,841.7512488538922
2582,16776283,Burke,658.3574017251578,Portugal,Male,32,3,140193.48647237205,0,True,True,5469.348640858522,False,False,2,DIAMOND,990.2337339563658
5727,16788584,Pope,716.5699742419868,Portugal,Female,34,8,96131.22849556364,0,False,False,181967.47396551745,True,True,2,SILVER,296.95910203021185
6568,16776227,Lee,618.598679758355,Portugal,Male,33,5,3764.041224877854,2,True,False,51885.664635831,False,False,1,GOLD,818.480225940726
1628,16700211,Cunningham,614.7669755276434,Portugal,Male,35,8,-13012.244558380453,0,True,False,100500.008595918,True,True,1,SILVER,694.4611294199565
3563,16623362,Coates,457.22341317106554,Portugal,Female,43,4,-19060.01613272211,3,True,False,90312.13479200417,True,True,0,GOLD,754.7234536737244
3527,16632676,Chineze,667.1654758523558,Portugal,Female,36,3,90770.81351154011,0,False,True,200391.57774371974,True,True,3,PLATINUM,797.1637075758803
7182,16763671,Chigozie,764.0011477192485,Portugal,Female,60,10,169810.22498911544,1,True,False,39104.833049381494,True,True,4,SILVER,899.9968233676394
5008,16568457,Gould,694.5186693789869,Portugal,Female,39,5,148567.6148441168,1,True,False,90692.46377233893,False,False,2,PLATINUM,425.4515840240096
8640,16810500,Patel,607.9928882700347,Portugal,Male,31,3,123392.27446794813,0,True,False,167913.1694757921,False,False,0,PLATINUM,587.7529144878097
7676,16585551,Rowe,641.8690924461465,Portugal,Female,43,7,-2417.2031443463056,1,True,True,146645.50907297595,False,False,4,SILVER,896.9881456045955
6693,16636384,Maclean,624.8039715724558,Portugal,Male,40,8,126266.18640653338,4,True,False,105322.83042456294,True,True,0,SILVER,645.8114487078606
4189,16753742,White,718.5301129191553,Portugal,Male,42,4,79472.12314776696,1,True,True,126748.95941632261,False,False,3,SILVER,639.6399671787123
2737,16672952,Esposito,831.8606198841244,Portugal,Male,24,4,116467.88962765844,0,True,False,23229.989601752128,False,False,3,SILVER,695.1758133067458
1531,16669196,Hovell,527.6994476017397,Portugal,Male,38,5,113985.1713392344,1,False,True,31483.423892030634,False,False,2,DIAMOND,720.1468020694629
3096,16705966,Angel,575.2169583534206,Portugal,Male,39,5,52486.20982770315,1,False,False,76991.97367563825,True,True,4,SILVER,784.0046477147619
6101,16707918,Yermolayeva,694.7445660530273,Portugal,Female,28,9,1110.3697993315704,2,False,True,7321.645261272111,False,False,3,PLATINUM,533.6843114670289
1247,16722361,Akabueze,706.433953726782,Portugal,Female,49,4,100963.59727119554,1,False,True,134093.0990636235,True,True,5,DIAMOND,928.7202745443325
4605,16683003,King,729.0969443903831,Portugal,Female,37,6,-1160.4590163268454,1,True,False,181546.19809886647,False,False,1,PLATINUM,804.541819696466
2653,16761918,Musgrove,638.3990435867523,Portugal,Male,55,7,14424.28260811826,1,True,True,34241.14978234152,False,False,1,SILVER,580.5195922195933
4821,16630320,Nwankwo,671.2637323436479,Portugal,Male,19,8,96041.07153843089,2,False,False,74074.70057756528,False,False,4,DIAMOND,908.0917105415774
2058,16759901,Bage,583.0961193938713,Portugal,Female,55,0,6593.199081855884,0,False,True,126450.90627906486,True,True,1,PLATINUM,474.64049059482534
4783,16635393,Martel,670.576069458576,Portugal,Male,28,4,-6610.43545436361,2,True,False,123712.1503113202,False,False,3,DIAMOND,321.8708388756202
8115,16681715,Thompson,554.2877074631618,Portugal,Male,31,1,112150.43528572338,1,False,False,142348.73847787225,False,False,1,GOLD,997.5910824316304
8455,16775832,Chigbogu,832.8421711183039,Portugal,Male,59,0,132866.84382131236,1,True,True,119114.29524631677,False,False,3,GOLD,962.2447404435633
3728,16783147,Chen,766.4431306846955,Portugal,Male,41,3,133176.75481851204,0,False,False,88115.93405822803,False,False,0,SILVER,302.8119459768007
0,16804442,Li,450.6260864883061,Portugal,Female,33,5,71144.29883805494,0,False,True,169127.67253893107,False,False,1,SILVER,492.0163790006403
7734,16698967,Lin,658.2782543593131,Portugal,Male,24,6,151105.19523625768,1,True,False,128497.05570863678,False,False,1,GOLD,600.6534417590834
1947,16766222,Parker,788.1826763032818,Portugal,Female,36,4,113540.6135881441,1,True,True,85857.67742798569,False,False,3,SILVER,764.8517605147546
133,16606274,Chiemezie,827.3362617775813,Portugal,Male,30,2,138442.02655646036,0,True,True,2056.647431105742,False,False,2,DIAMOND,644.6530231889386
1252,16589041,Medvedev,518.2937262726366,Portugal,Female,29,5,-8401.229782197908,2,False,True,91297.19184817743,False,False,2,DIAMOND,284.3337030801978
5332,16778739,Young,450.74891424489726,Portugal,Female,36,2,-1496.9026088748901,1,True,True,181069.51190154874,False,False,1,GOLD,445.04502621375156
1596,16695322,Li Fonti,641.8594158253887,Portugal,Female,42,3,117274.9192110589,1,True,True,84060.40714407121,False,False,1,PLATINUM,309.1478848892919
7144,16700604,Knorr,625.0552928162539,Portugal,Male,48,0,132838.16154024293,1,True,False,77703.42839344931,False,False,5,GOLD,455.3917136290625
6331,16754992,Williamson,614.4533635090874,Portugal,Male,32,9,142495.4318524122,1,True,False,199288.85297755466,False,False,4,DIAMOND,358.8455352292109
4686,16816150,Nwebube,550.9081588252436,Portugal,Male,35,2,-1521.2645483855324,2,True,False,24540.904028449964,False,False,0,SILVER,436.6625219779018
653,16613846,Manna,551.8303292154625,Portugal,Female,38,8,115799.32569925285,1,True,False,143778.29783777395,True,True,5,GOLD,956.6210305211982
6968,16630206,Ojiofor,450.4983930108256,Portugal,Female,48,9,94771.54340504463,1,True,False,155657.59000523874,True,True,2,DIAMOND,455.8041400802934
3571,16752475,Hsu,578.679833062571,Portugal,Male,30,6,142507.59139335479,0,False,True,140873.36494867338,False,False,3,SILVER,657.450531871926
7211,16581265,Burrows,572.4498811562884,Portugal,Female,44,7,194798.8881740995,1,True,False,39782.15651498534,True,True,5,SILVER,873.9929022394764
2706,16777139,Macleod,531.2920382666362,Portugal,Female,29,8,2015.9889980302526,1,True,True,41309.23878303148,False,False,3,GOLD,506.3207000285296
210,16780499,Hammond,747.7309689517919,Portugal,Female,34,6,164666.31907595517,2,True,True,24081.748953451104,False,True,5,GOLD,355.37359952543875
7574,16568309,Chiganu,621.2800057830879,Portugal,Female,41,7,133152.2896692445,2,True,True,183362.07063713626,True,True,5,SILVER,882.3829225222663
8741,16809489,Maher,467.36963459294157,Portugal,Female,29,6,145368.75406243387,0,False,True,19508.142348207417,False,False,5,PLATINUM,428.12243380563524
6364,16698329,Rouse,618.376841411403,Portugal,Female,44,8,-1748.7178656181536,1,True,False,183476.44262343209,False,False,1,DIAMOND,702.2088792138401
5977,16770648,Hsiung,483.93732039424526,Portugal,Female,30,7,97254.13826861337,1,False,False,137721.2749598328,False,False,2,SILVER,744.0772037291252
1906,16638579,Chukwudi,738.2828687366558,Portugal,Male,42,2,94944.21278331381,0,True,True,102508.59922627234,True,True,0,GOLD,606.8390387575355
9852,16639462,Douglas,547.562461885272,Portugal,Female,42,9,133704.59491638496,1,True,False,54903.767516376276,True,True,4,PLATINUM,328.19933675565034
3675,16602949,Loggia,609.2023103428792,Portugal,Female,60,7,123556.11124474739,2,True,True,140421.11152592895,False,False,4,GOLD,537.571970108996
9843,16629917,Walker,796.5532939174279,Portugal,Female,29,3,130898.65289264954,1,True,False,40502.270483064676,False,False,3,DIAMOND,893.7033117788396
3202,16794533,Marsh,829.5630059780481,Portugal,Female,34,5,141097.72057409128,1,False,True,146618.37023963494,False,False,2,PLATINUM,455.4803699640701
6176,16765063,Rahman,709.0301938833035,Portugal,Female,51,2,7459.74250282833,0,False,True,146260.92338956197,True,True,1,SILVER,602.6933442568413
1213,16751341,Ejimofor,734.4242374228102,Portugal,Female,39,5,114140.51896365717,1,True,True,-10266.179163748713,True,True,4,GOLD,802.7348166566428
9243,16639165,Herbert,828.9568671697116,Portugal,Male,60,0,3647.0165313781813,2,True,True,97344.31422173104,False,False,1,PLATINUM,301.01603324328295
2064,16575798,Kung,666.3684339389004,Portugal,Female,26,4,105742.91137466475,2,False,False,19465.91754332369,False,False,4,PLATINUM,382.3690223984165
6637,16778567,Bage,584.0051320436459,Portugal,Male,47,3,141340.26220301056,0,True,True,37794.23319943299,False,False,3,DIAMOND,519.8407866512139
7501,16671179,Arcuri,677.1990964804666,Portugal,Female,38,3,9985.851688177112,1,True,True,181081.21619813697,False,False,5,GOLD,268.2500534640439
9871,16675495,Genovesi,583.8201656607655,Portugal,Female,56,8,136586.4778769208,0,True,True,89780.9660289776,False,False,5,GOLD,604.0089895976055
5045,16666503,Y?,538.6163097363994,Portugal,Female,45,8,7358.9315290321565,2,True,False,107854.26373377861,False,False,2,PLATINUM,226.08016558886212
4514,16809053,Reed,702.9786077642104,Portugal,Male,31,3,142767.95820103062,0,False,True,36930.2588102784,False,False,4,PLATINUM,573.405601483041
4634,16663339,Allan,781.4341018895226,Portugal,Female,31,7,76442.10128549083,1,True,False,107885.60249898785,False,False,1,SILVER,691.8696488027412
3078,16797585,Chimaijem,650.0959535391618,Portugal,Male,32,6,5716.980902874365,2,True,True,25545.999371957696,False,False,4,GOLD,631.6440445010085
7855,16764328,Tu,592.4306002630376,Portugal,Male,20,2,188238.720173532,1,True,False,102294.80286209405,False,False,4,DIAMOND,722.1920392305564
4659,16622356,Murphy,629.0298630008655,Portugal,Female,38,3,-1707.4170724099106,1,True,True,164454.20921286236,False,False,3,PLATINUM,326.4188539619981
1132,16610589,Hudson,643.5705814786328,Portugal,Female,34,7,-10499.297754973912,2,True,False,19399.764399044503,False,False,4,DIAMOND,326.6736585023101
8897,16685127,Zinachukwudi,588.8027890796714,Portugal,Male,44,9,14235.325699722584,0,True,False,141651.44102848903,False,False,5,DIAMOND,708.1046375665219
1530,16680173,Davila,607.1710212603135,Portugal,Male,39,1,82498.2243796348,2,True,True,128354.05765368686,False,False,4,SILVER,342.4254115411947
2572,16706514,Burke,801.753230506647,Portugal,Male,30,7,-9433.991991997842,2,True,True,28542.657558868264,False,False,4,SILVER,855.7062240383807
6845,16761991,Lu,619.6193743680761,Portugal,Female,27,7,104479.97430569139,0,True,True,20218.70545359111,False,False,4,DIAMOND,290.5552352375423
3474,16596678,Genovesi,490.28017692495115,Portugal,Male,70,1,167741.00564451749,2,True,True,168785.8453042185,False,False,1,GOLD,534.8115529762778
7829,16636786,Munro,455.4492469031372,Portugal,Male,50,4,106375.7259503091,0,True,False,151315.6226195989,False,False,2,PLATINUM,929.2285296423125
4860,16571906,Parry-Okeden,676.7777967207148,Portugal,Female,42,8,136162.82270934235,0,True,True,107645.62128476851,True,True,3,DIAMOND,734.5779830065834
5349,16636182,Cartwright,675.9603358672708,Portugal,Male,35,4,138586.9649645622,0,False,True,19189.450768039853,False,False,2,SILVER,606.9147410951537
1871,16750368,Lombardo,684.0203313821137,Portugal,Female,35,3,7596.2045491744475,1,True,True,-225.9893703391058,False,False,1,PLATINUM,545.4873944193473
6313,16737375,Fennell,597.5368845086176,Portugal,Male,39,4,-9416.94042561678,2,True,True,32497.265657111995,False,False,3,SILVER,479.61051450266086
4137,16771298,Cox,704.4459232901631,Portugal,Female,35,7,168804.82712294374,1,False,True,34097.44108354159,False,False,1,GOLD,283.09269385911904
2661,16707695,Yang,866.9369680544885,Portugal,Female,42,8,112292.31043028504,0,True,True,203531.14208660414,False,False,1,SILVER,989.3083891564274
2943,16583828,Tien,656.3593367344884,Portugal,Female,30,7,109750.30718767157,0,True,True,1362.6965488841306,False,False,4,GOLD,277.92083821435267
1572,16793667,Walker,610.3483200543153,Portugal,Male,24,7,112426.9382726474,1,False,False,74984.61723033019,False,False,4,DIAMOND,738.2640652134804
9431,16639805,Chidiegwu,813.525127733639,Portugal,Male,43,0,126489.78675387897,1,True,True,138837.1899885393,False,False,4,PLATINUM,921.2113157034448
1348,16707366,Burn,650.2392669746848,Portugal,Female,33,3,127466.17125711551,0,True,False,99644.58654431035,False,False,0,SILVER,439.08034107305366
6558,16617532,Manfrin,551.5092782734705,Portugal,Male,29,2,-8447.82266884029,2,True,False,156079.53892716145,False,False,4,DIAMOND,839.8554411356384
6521,16582209,Lu,464.4792176136114,Portugal,Male,26,3,155763.18250777238,0,True,True,132949.46309349235,False,False,2,GOLD,336.89122493832207
706,16643263,Jideofor,692.4453669334945,Portugal,Female,51,5,-11160.380226706546,2,True,False,58465.7435046581,False,False,4,SILVER,517.3655523569316
2053,16575629,Murray,556.4866811483919,Portugal,Male,43,1,134402.5775184634,1,True,False,26796.08802298701,True,True,3,DIAMOND,518.661426155107
3966,16717354,Miller,504.52028167862363,Portugal,Female,39,1,364.7097997160704,2,False,False,152023.85275730322,False,False,5,GOLD,888.9286007623269
2866,16768794,Savage,571.3574590621288,Portugal,Male,38,9,110414.29493054481,0,True,True,122503.16715731037,False,False,1,GOLD,312.3244055611071
7136,16716280,Clarke,587.7836249874771,Portugal,Female,56,0,124120.74351106337,1,True,False,190942.3382519708,True,True,2,GOLD,849.585878218934
6374,16558773,Gray,784.6741435488935,Portugal,Male,38,3,134810.97069293068,0,False,False,97514.9457904191,False,False,4,PLATINUM,266.3416950845226
7098,16614370,Pavlova,624.343671439486,Portugal,Female,50,2,92236.71934564406,0,True,True,100591.82966310794,False,False,4,SILVER,959.0344558816857
7751,16782435,Olisaemeka,829.0182397801256,Portugal,Female,46,3,114550.74044149442,2,True,False,22374.09134198577,False,False,4,GOLD,668.6927843358873
4919,16582402,Tsai,648.8616608178685,Portugal,Female,39,3,87790.85624203253,2,True,True,37989.43681421382,False,False,5,SILVER,621.8074835091134
8809,16713756,Gibson,580.7632538857354,Portugal,Female,46,9,141494.77906111928,0,True,False,165713.81517469056,True,True,3,GOLD,213.0253964059134
2676,16664911,Muse,755.4035641748333,Portugal,Female,52,6,108214.53986847069,0,True,False,142614.71794362614,True,True,4,DIAMOND,643.5009949914555
5768,16672609,Henderson,724.1566519838681,Portugal,Male,48,1,8604.34552582858,2,False,False,10018.413741970733,False,False,4,PLATINUM,961.0910484354389
612,16790033,Hale,758.240943140478,Portugal,Male,35,8,90187.90779051397,2,True,True,74333.19128567207,False,False,3,DIAMOND,496.8483067908062
6440,16561340,Chang,432.57237248605895,Portugal,Male,26,1,-13174.864275404743,1,True,True,158033.715900952,False,False,1,DIAMOND,424.6984783071541
6913,16692933,Brown,443.98611820966147,Portugal,Female,35,2,2919.8967405798294,2,True,True,7426.902762755682,False,False,2,DIAMOND,779.437051820484
5257,16602489,Arrington,784.490321120459,Portugal,Male,33,5,136104.39639560904,2,False,False,62081.21452924134,False,False,2,SILVER,923.4370052993875
10003,16563767,Marian,718.8052929412933,Portugal,Male,58,1,-13035.104950414354,1,True,True,196316.19570528177,False,False,4,PLATINUM,263.0726219403011
938,16778463,T'ien,622.5007519576284,Portugal,Female,40,6,529.2338649274092,1,True,False,157779.2130920406,False,False,4,PLATINUM,993.4521913681388
1249,16678183,Buccho,621.5286314372901,Portugal,Male,62,3,3035.710245861429,1,True,True,69245.91732379474,False,False,1,PLATINUM,920.0367126762541
8713,16596979,Samaniego,778.020450232104,Portugal,Female,69,2,175874.39478683958,0,False,False,165248.1803998536,True,True,4,PLATINUM,584.0919537564564
1802,16805966,Mazzanti,680.3034138195677,Portugal,Male,31,0,101302.79215092564,1,True,True,141627.44263419902,False,False,0,PLATINUM,608.9451693461078
3142,16772219,Cheng,532.2042706054852,Portugal,Male,49,2,-2975.5767182722393,2,False,True,25304.233591201923,False,False,4,GOLD,255.4653955609462
7513,16710473,Finch,690.342929558056,Portugal,Male,37,4,163050.53563622158,1,True,False,104426.29123170268,False,False,2,GOLD,728.7859013320357
8841,16741846,Chigozie,599.3529498368024,Portugal,Male,32,7,116536.60441466112,1,False,False,904.5775459131473,False,False,0,GOLD,750.4235544787698
6519,16766627,Nnachetam,701.6503220717924,Portugal,Female,56,0,93675.39642941437,1,True,True,159767.65511053085,True,True,3,DIAMOND,851.6215680640333
1729,16604560,Moyes,573.4692375185763,Portugal,Male,56,3,113120.13674279384,1,True,True,124823.729517722,True,True,2,GOLD,550.9863685191315
1234,16597500,Hardy,724.3184380258657,Portugal,Male,68,2,112181.9650581806,0,True,True,181816.88448913785,False,False,1,PLATINUM,279.0677537694852
7900,16808536,Lysaght,766.0087039174246,Portugal,Male,33,3,4033.257767132206,1,True,True,161154.36768425367,False,False,1,PLATINUM,655.3553609693087
102,16631640,Pearson,424.327553562573,Portugal,Male,24,3,90983.8593372458,1,True,False,33350.68665167359,False,False,1,GOLD,315.18225840246146
8100,16743904,Piccio,694.3178676875082,Portugal,Female,60,7,79294.87611538438,0,True,False,129315.97896531405,True,True,4,DIAMOND,280.011322194752
6849,16784581,Mai,675.6615827572788,Portugal,Female,34,0,134334.91381805067,2,False,False,192161.96383723844,False,False,0,GOLD,470.06986947760214
6984,16697773,Challis,580.4194431324415,Portugal,Female,40,9,-445.1158815209115,1,False,False,159870.66264688558,False,False,4,GOLD,268.33775990940404
1089,16698185,Davison,514.2251788318688,Portugal,Male,36,3,152424.47584401534,1,False,False,39427.34462981531,True,True,4,DIAMOND,531.3556079024081
4211,16690045,Whitehouse,638.8025710800267,Portugal,Female,41,6,112119.63243002185,1,False,False,165556.30996217567,False,False,3,PLATINUM,554.9943582672539
3062,16707893,Ignatiev,763.798891468509,Portugal,Male,62,2,3299.540433886119,1,True,True,165243.8699328239,True,True,3,DIAMOND,879.6021985481694
2125,16586799,Farrar,592.2034531971027,Portugal,Male,33,8,138540.28265258958,1,True,False,113778.29311980949,False,False,5,GOLD,569.3927193729755
6167,16762574,Bullen,509.3334868513557,Portugal,Male,21,5,-422.47306400793207,2,True,True,107264.63392070055,False,False,1,PLATINUM,773.8419442542673
4734,16576180,Winn,726.000799029949,Portugal,Female,39,0,3302.483751683854,2,True,False,65969.10419785813,False,False,1,SILVER,985.2835494991704
4297,16585091,Madueke,511.4258943535495,Portugal,Female,25,9,103153.374684299,2,False,False,158116.95305538963,False,False,3,SILVER,374.9618888032825
3111,16627548,Hotchin,605.0013827550201,Portugal,Female,63,2,132086.9031667779,1,True,True,183650.77257190802,True,True,1,GOLD,952.4301969089202
9842,16578648,Rahman,647.8114301880634,Portugal,Male,27,7,157290.5170427122,1,True,False,27435.649202411434,False,False,4,DIAMOND,701.3400888446401
3297,16794650,Fallaci,502.4261236109321,Portugal,Female,27,5,4492.922067311072,2,True,False,128457.54299349945,False,False,1,PLATINUM,836.5999390621552
3662,16644077,Cullen,494.5377608148362,Portugal,Male,33,7,129884.2829124997,1,True,True,178569.67124468792,False,False,4,DIAMOND,381.03514765243824
8870,16720603,Hawkins,791.9417624002872,Portugal,Female,38,7,-7060.706715068649,1,True,False,133043.66704222074,False,False,1,DIAMOND,574.6101056758891
880,16744696,Gordon,534.8686481380705,Portugal,Male,27,1,109307.65148738376,0,True,False,183198.04922779786,False,False,2,GOLD,910.4280913456371
3561,16800727,Summers,573.1840188361718,Portugal,Male,55,5,109966.78184302295,1,False,True,169578.84455217968,False,False,5,GOLD,425.75057753159024
8718,16604141,Yashina,708.591623364883,Portugal,Male,49,9,5897.2100830813815,1,False,False,63198.03235880002,False,False,1,DIAMOND,559.579668922882
5532,16806939,Chukwuma,575.211081989225,Portugal,Female,44,3,8023.208211456712,1,False,False,137071.72378190263,False,False,0,SILVER,593.9658644902277
5352,16586408,Milanesi,645.7553313188894,Portugal,Female,31,2,145378.60828326517,0,False,True,145493.92196986044,False,False,5,PLATINUM,298.0048953100634
4935,16624657,Huddart,650.6776182580111,Portugal,Female,37,2,5271.039680114916,1,True,False,120844.75240757305,False,False,3,DIAMOND,945.3697657205581
3387,16709742,Lane,593.1055746243281,Portugal,Female,44,1,-2759.785623494677,1,True,False,112838.72448043732,False,False,5,PLATINUM,776.9939841059382
3630,16804377,Mancini,687.4943575910506,Portugal,Female,40,4,928.6851035277485,1,False,True,74358.47913426261,True,True,4,PLATINUM,575.7651540753392
6772,16801876,Chinomso,525.2201816411623,Portugal,Male,56,9,134183.62918785124,0,False,False,40666.567438087564,True,True,3,PLATINUM,729.0168155871099
8070,16760334,Bazile,673.5864194707854,Portugal,Male,33,9,140497.13616000034,2,False,True,188580.12203759688,False,False,3,GOLD,970.3134341371149
6870,16630322,Liao,653.8918505848259,Portugal,Male,36,6,143257.00363100733,0,True,False,144813.00634351317,False,False,4,SILVER,491.78913969674136
4677,16752549,Fowler,719.6584732528424,Portugal,Male,33,1,95557.47047524991,0,True,True,163197.0708664102,False,False,3,GOLD,655.1668520647711
8554,16645558,Wimble,747.3555317675208,Portugal,Female,38,2,101142.0844207474,2,True,False,52073.376416332714,False,False,2,PLATINUM,409.37869088125564
3584,16780540,Neal,852.2316589819218,Portugal,Female,32,0,114705.80386653275,0,False,False,175903.55894920777,False,False,2,PLATINUM,475.4996913984338
1201,16751320,Chukwuraenye,668.831206032173,Portugal,Female,42,4,90115.10629800864,0,True,True,61038.31443121413,False,False,2,DIAMOND,546.9047088757891
8917,16803658,Dann,674.8451206223117,Portugal,Male,37,1,1184.898549994992,2,True,False,146967.09030074865,False,False,1,DIAMOND,793.4708616599569
9166,16597442,Tomlinson,720.8338484430419,Portugal,Male,50,9,163042.9715117412,1,True,False,139916.26931719578,False,False,4,GOLD,374.6148258534609
4746,16658310,Davey,785.5248496119444,Portugal,Male,36,2,-8945.509858790156,2,True,False,84850.80239589061,False,False,2,PLATINUM,518.5621609026305
2678,16724606,Chienezie,561.5012793424661,Portugal,Male,30,4,106902.45073075143,0,True,True,138703.56520958213,False,False,4,DIAMOND,793.9000535361284
8236,16762701,Barnes,478.0764281658308,Portugal,Male,36,5,-11296.314004582999,2,True,False,185567.85140892316,False,False,3,SILVER,690.8471993639082
6351,16639082,Genovesi,806.9526354386292,Portugal,Female,54,5,114983.79132923899,1,True,False,160073.71905169645,True,True,0,GOLD,457.37544604056944
9730,16691762,Millar,582.5927715047844,Portugal,Female,49,5,130872.43322762553,1,True,True,69540.98719603356,False,False,2,SILVER,422.9544631866821
1078,16796318,Omeokachie,610.7879757247322,Portugal,Female,44,7,56583.13127833582,1,True,False,101421.15773002239,False,False,4,SILVER,679.0965965818286
4238,16644571,Hs?eh,675.9909116719126,Portugal,Male,36,6,142528.57013578794,2,True,True,123714.17525122146,False,False,2,GOLD,619.9994867834547
2897,16567482,Yobachukwu,732.1281661793089,Portugal,Female,47,7,100639.2409182944,2,True,False,71711.3859834322,False,False,1,PLATINUM,668.5058341624548
8581,16747018,Earle,530.5579200900249,Portugal,Female,33,8,8087.177565171592,1,False,True,144844.08053414963,False,False,4,SILVER,251.6376937712809
1408,16644105,Paterson,731.6007856928147,Portugal,Female,20,7,132188.6324710714,0,True,False,110955.02558876056,True,True,1,GOLD,257.9038272156636
2640,16613645,Moretti,671.4504413100644,Portugal,Male,34,1,122758.60366249295,0,True,False,136066.17095711015,False,False,4,GOLD,314.518064671289
9270,16588004,Tao,711.5298038798028,Portugal,Female,32,6,-6584.126795696112,1,False,False,36334.68137515529,False,False,2,PLATINUM,648.9148496623832
4476,16576362,Stewart,640.79845469265,Portugal,Male,27,8,-4957.3488111165225,1,False,False,33583.72728705118,False,False,1,SILVER,599.1599127204021
8150,16785494,Ignatyeva,639.1634177006349,Portugal,Male,41,4,7149.781760005608,1,True,False,24825.8806873131,False,False,1,GOLD,765.0220781064875
2316,16782964,Fanucci,582.4612839957615,Portugal,Male,50,5,124397.9061719865,1,True,False,165970.69251756577,False,False,4,PLATINUM,840.3685697876869
